paths_sharing,template_en,cited,verdict,correct_pages,quote,note
2,"In stressed syllables, the letter <char> usually sounds like /a/ (a/ya).",p. 85,WRONG-PAGE,p. 81,"'Sound Cyrillic /a/ f in the stressed position or when the initial letter of a word. z when preceded by a palatalized consonant, only in the stressed position...' (p.81)",p.85 is mid-discussion of the /o/-phoneme (a different vowel); the a/ya section begins and is fully stated on p.81.
2,"Here, <char> carries the stress, so it takes its default value: [ipa] (a/ya).",p. 85,WRONG-PAGE,p. 81,"Same /@/ table as above, p.81.",Same misplacement as the identity claim above.
1,"In stressed syllables, the letter o usually sounds like /o/.",p. 86,WRONG-PAGE,pp. 84-85,"'Sound Cyrillic /n/ j generally.' (p.84); 'The letter -o- can occur anywhere in a word, but must be read as /n/, when in the stressed syllable.' (p.85)","p.86 is a footnote on transcription economy for the diphthong, not the core claim."
1,"The letter yo always sounds like /o/; yo inherently carries the stress, so it is never unstressed.",p. 86,WRONG-PAGE,p. 85,"'This spelling can only occur in the stressed syllable, and it follows a palatalized consonant...' (referring to the dieresis letter, i.e. yo) (p.85)","The claim that this letter can only appear stressed is stated on p.85, one page before the citation."
2,"Here, <char> carries the stress, so it takes its default value: [ipa] (o/yo).",p. 86,PARTLY,pp. 84-86,See o/yo entries above.,o is better sourced at pp.84-85; yo at p.85. p.86 itself is marginal.
1,"Stressed or unstressed, yo never reduces in sung Russian.",p. 86,SUPPORTED,p. 85,"'This spelling can only occur in the stressed syllable' (p.85) implies it cannot appear unstressed, hence cannot reduce.",Citation is off by one page (85 vs 86) but close enough to call supported; correct page is 85.
2,[ipa] is more open and centralized than the full stressed /a/ (pretonic a/o).,p. 93,WRONG-PAGE,pp. 108-109,"'The Russian [U]-allophone is considered an open (or low), mid-back, unrounded vowel. It is much like /@/, but the mid-back portion of the tongue is slightly higher and more forward.' (p.108)",p.93 is the [0]/y section (a different vowel entirely); the pretonic-a/o reduced allophone [U] is described on pp.108-109.
1,"The letter y sounds like /j/; although English speakers call this a semi-vowel, Russian phonologists classify it as a palatalized consonant.",p. 96,SUPPORTED,p. 96,"'Section 2 - The /i/-glide ... Though English speakers often call this phoneme a semi-vowel, Russians consider the /i/-phoneme a palatalized consonant' (p.96)",Already confirmed correct by the coordinator; independently reconfirmed.
2,"When <char> falls in the pretonic syllable like it does here, it always reduces to [ipa] (akanye) (a/o).",p. 97,SUPPORTED,p. 97,"'Section 3 - The Cardinal Vowels and Allophone [0] in Unstressed Positions ... an unstressed /@/-phoneme can be spelled with either -f- or -j-, when in the immediate pre-stress position...' (p.97)",
2,"When <char> begins the word unstressed like it does here, it sounds like [ipa] (akanye) (a/o).",p. 97,SUPPORTED,p. 97,'or when the initial letter of a word (regardless of distance from stress)' (p.97),
2,"When <char> sits sandwiched between two palatalizing agents (interpalatally) like it does here, it fronts to [ipa] (ye/e).",pp. 104-107,PARTLY,pp. 106-107,'The Russian [e]-allophone is forward and closed like the French /e/-phoneme...' (p.106); the [e]-allophone table requiring a following palatalized phoneme begins p.106.,"pp.104-105 are about a DIFFERENT letter pair's allophone (the [a] allophone for a/ya, Section 4's first half); the ye/e material is specifically pp.106-107."
2,"[ipa] is a brighter, more forward variant of /e/; think of the French /e/ (ye/e).",pp. 104-107,PARTLY,p. 106,"'The Russian [e]-allophone is forward and closed like the French /e/-phoneme, though perhaps, slightly more relaxed.' (p.106)","Core claim confirmed almost verbatim, but precisely on p.106, not spread over 104-107; pp.104-105 concern a/ya, not ye/e."
5,"When <char> falls in a remote syllable like it does here, far from the stress, it always reduces to [ipa] (a/o/ya/ye/e).",pp. 108-112,SUPPORTED,pp. 108-112,'Section 5 - The Reduced or Centralized Allophones...these allophones generally occur in remotely unstressed positions...' (p.108); ikanye/[H] section for ya/ye/e runs to p.112.,
5,"When <char> falls after the stressed syllable like it does here, it always reduces to [ipa] (a/o/ya/ye/e).",pp. 108-112,CONTENT-DISAGREES,p. 111 (for a),"'Reminder: The letter -f- in the immediate post-stressed syllable, remains sung as /@/, even though in spoken Russian, the pronunciation would be /U/ or /?/.' (p.111)","For a specifically, Grayson explicitly says the vowel does NOT reduce in the immediate post-stress syllable when sung; it stays /a/. The template's blanket 'always reduces' contradicts this for a (and very likely for o by the parallel akanye rule). Flagging for Dann; not proposing new wording."
10,"[ipa] is the most reduced vowel in Russian; it should sound neutral and centralized (a/o/ya/ye/e, remote and post-stress).",pp. 108-112,SUPPORTED,pp. 108-112,[U]: 'produced with relatively relaxed articulators...and an open resonator' (p.108). [H]: 'like the pronunciation of the -i- in the English word bit...centralizes' (p.112).,"Two different allophones ([U] for a/o, [H] for ya/ye/e) are both described in neutral/centralized terms within the cited range; reasonable single paraphrase."
4,"<char> is one of four iotated vowels in Russian; whenever <char> begins a word like it does here, it inserts a /j/-glide... (ya/ye/yo/yu, initial).",pp. 114-116,PARTLY,pp. 114-119,"'The /j/+vowel clusters occur...in an initial position...' (p.114). Individual cluster entries: /ya/ p.116, /ye/ p.117, /yo/ p.118, /yu/ p.119.","ya and ye are within the cited range; yo and yu's specific cluster entries fall on pp.118-119, outside 'pp.114-116'."
4,"Because <char> is one of four iotated vowels..., whenever it follows another vowel..., it inserts a /j/-glide... (ya/ye/yo/yu, after vowel).",pp. 114-116,PARTLY,pp. 114-119,Same as above.,Same partial-range issue as the initial-position group.
4,"When <char>...follows a sign..., the sign triggers a /j/-glide... (ya/ye/yo/yu, after sign).","pp. 114-116, 193-195",PARTLY,"pp. 114-119, 193, 195",Hard sign: 'the /j/+vowel cluster after the sign should articulate the initial /i/-glide' (p.193). Soft sign j-glide effect described p.195-196.,"Sign pages (193, 195) are correct; vowel-cluster pages should be 114-119 (not 116) for the same reason as above."
3,"When <char> falls in the pretonic syllable..., it always reduces to [I] (ikanye). Furthermore, when [I] is sandwiched..., it fronts to [ipa]... (ye/ya/e, pretonic-interpalatal).","pp. 125, 127-128",SUPPORTED,"pp. 125, 127-128","'The allophone is [H]...and it fronts to the /h/-phoneme when interpalatal.' (p.125); 'The second phenomenon is ikanye...the resulting reduced vowel is the mid-high allophone, [H]' (p.127).",
3,"When <char> falls in the pretonic syllable..., it always reduces to [ipa] (ikanye) (ya/ye/e).",pp. 127-128,SUPPORTED,p. 127,"'The second phenomenon is ikanye and occurs when the vowel /D/ is in an unstressed position...the resulting reduced vowel is the mid-high allophone, [H]' (p.127)",
3,"When <char> begins the word unstressed..., it reduces to [ipa] (ikanye) (ya/ye/e).",pp. 127-128,PARTLY,p. 127 (rule); no initial-position example found,Rule stated generally p.127; p.98's akanye examples show initial position for a/o but the ikanye section does not give an explicit word-initial ye/ya/e example in the pages read.,"The general rule is on-page, but I could not find a Grayson example specifically illustrating an initial, unstressed ya/ye/e reducing; not a contradiction, just unconfirmed by example."
1,The default sound for the letter b (б) is /b/.,p. 140,WRONG-PAGE,p. 144,"'/b/ Б б ... Russian /b/ is spelled with the Cyrillic letter -б-.' (p.144, confirmed by page image)","Confirmed by rendering p.144 as an image: heading '/b/ Б б', matching the Cognates section but four pages later than cited."
1,The default sound for the letter z (з) is /z/.,p. 140,WRONG-PAGE,p. 143,'/z/-phoneme...spelled with the Cyrillic letter -з-...resembles an English cursive -z-.' (p.143),
1,The default sound for the letter k (к) is /k/.,p. 140,SUPPORTED,p. 140,'/k/ к ... Russian /k/ is spelled with the letter -к- and is the first cognate presented.' (p.140),
1,The default sound for the letter m (м) is /m/.,p. 140,WRONG-PAGE,p. 141,"'/m/-phoneme is a nasal, voiced consonant...Russian /m/ is spelled with the Cyrillic letter -м-.' (p.141)",
1,The default sound for the letter t (т) is /t/.,p. 140,WRONG-PAGE,p. 142,'The unpalatalized Russian /t/-phoneme...Russian /t/ is spelled with the Cyrillic letter -т-.' (p.142),
5,"Here, <char> has no palatalizing agent nearby, so it takes its default: [ipa] (b/z/k/m/t hard).",p. 140,WRONG-PAGE,p. 169,"'The Cyrillic letters for the consonants are generally read in hard form when standing alone, when followed by one of the letters -a-,-o-,-e-,-u-, or -y-, or the hard sign...or when final.' (p.169)","This is the single general rule governing hard/soft reading for ALL these consonants; it lives in Chapter 4 Section 2's introduction (p.169), not on each letter's own identity page."
5,"When <char> is followed by a palatalizing agent..., it palatalizes to [ipa] (b/z/k/m/t soft).",p. 140,WRONG-PAGE,p. 169,"'They are usually read in palatalized form only when followed by an indicator letter..., the soft sign..., or another palatalized consonant.' (p.169)",Same rule as above.
1,The default sound for the letter g (г) is /g/.,p. 145,SUPPORTED,p. 145,'/g/ Г г ... Russian /g/-phoneme...spelled with the Cyrillic letter -г-.' (p.145),
1,The default sound for the letter d (д) is /d/.,p. 145,WRONG-PAGE,p. 146,'/d/-phoneme is similar to the Italian /d/...spelled with the Cyrillic -д-.' (p.146),
1,"In sung Russian, l (л) is never transcribed alone as simply /l/, but always as either its hard allophone [turned-l] or its soft allophone [l-j].",p. 145,WRONG-PAGE,p. 150,"'The Russian /L/-phoneme is the only unpalatalized Russian consonant that does not have a familiar, coincident phoneme...' (p.150), and the parallel palatalized /l-j/ entry at p.184.","l's own identity entry begins p.150, not p.145 (which is actually the г entry)."
1,The default sound for the letter p (п) is /p/.,p. 145,WRONG-PAGE,p. 147,'/p/-phoneme is similar to the Italian /p/...spelled with the Cyrillic letter -п-.' (p.147),
1,The default sound for the letter f (ф) is /f/.,p. 145,WRONG-PAGE,p. 148,"'/f/-phoneme is essentially the same as the Italian, French, German or English /f/...spelled with the Cyrillic letter -ф-.' (p.148)",
1,The default sound for the letter x (х) is /x/.,p. 145,WRONG-PAGE,p. 149,'/x/-phoneme is formed similarly to the German ach-laut...Russian /x/ is spelled with the Cyrillic letter -х-.' (p.149),
5,"Here, <char> has no palatalizing agent nearby, so it takes its default: [ipa] (g/d/p/f/x hard).",p. 145,WRONG-PAGE,p. 169,Same general rule quoted above.,
1,"Here, l (л) has no palatalizing agent nearby, so it takes its hard form: [ipa].",p. 145,WRONG-PAGE,"pp. 150-151, 169",Velarized /L/ description pp.150-151; general hard/soft rule p.169.,
5,"When <char> is followed by a palatalizing agent..., it palatalizes to [ipa] (g/d/p/f/x soft).",p. 145,WRONG-PAGE,p. 169,Same general rule quoted above.,
1,"[ipa] is the velarized dark-l; the back of the tongue rises toward the soft palate, giving it a heavier, thicker quality.",p. 145,WRONG-PAGE,p. 150,"'The Russian /L/ is a dental /l/, but it is velarized...the back of the tongue is up, lightly contacting the front of the soft palate.' (p.150)",
1,The default sound for the letter v (в) is /v/.,p. 152,SUPPORTED,pp. 152-153,'/v/ ... The Russian /v/-phoneme is spelled with the Cyrillic letter -в-.' (p.153),
1,The default sound for the letter n (н) is /n/.,p. 152,WRONG-PAGE,p. 154,"'/n/-phoneme is pronounced like the same phoneme in Italian, French, German, and English...spelled with the Cyrillic letter -н-.' (p.154)",
1,The default sound for the letter s (с) is /s/.,p. 152,WRONG-PAGE,p. 159,'/s/-phoneme is pronounced as it is in Germanic languages...spelled with the Cyrillic letter -с-.' (p.159),
3,"Here, <char> has no palatalizing agent nearby, so it takes its default: [ipa] (v/s/n hard).",p. 152,WRONG-PAGE,p. 169,Same general rule.,
4,"When <char> is followed by a palatalizing agent..., it palatalizes to [ipa] (v/l/n/s soft).",p. 152,WRONG-PAGE,p. 169,Same general rule.,
1,The letter ch (ч) sounds like /tsh-j/; one of the three soft consonants...,p. 171,SUPPORTED,p. 171,'/tS-j/-phoneme...Russian /tS-j/ is spelled with the Cyrillic letter -ч-.' (p.171),
1,The letter shch (щ) sounds like /sh-j sh-j/; one of the three soft consonants...,p. 171,SUPPORTED,p. 171,The doubled palatalized hushers /R-j R-j/ (щ) entry begins directly under ч on the same page (p.171-172).,
1,"In the Old Muscovite style, shch (щ) is pronounced as a long palatalized fricative: [ipa].",p. 181,WRONG-PAGE,pp. 172-173,"'In the central region of Russia dominated by Moscow, the cluster's pronunciation shifted to /R-jR-j/ around the seventeenth century...it became a la mode to use the /R-jR-j/-pronunciation...This guide's focus is that of lyric diction, therefore...sing /R-jR-j/.' (pp.172-173)","The substance (Moscow style = long fricative, sung form) is correct; only the page is wrong."
1,"In the Peterburgian style, shch (щ) is pronounced as the affricate sequence [ipa].",p. 181,WRONG-PAGE,p. 172,'The historical pronunciation is /R-jtS-j/...This is also the pronunciation used by many natives of the city of St. Petersburg.' (p.172),Substance correct (St Petersburg = affricate); page wrong.
1,[ipa] is the familiar palatal nasal we know from the Italian gn in ogni or the French gn in agneau.,p. 183,PARTLY,p. 186,'/J/-phoneme is essentially pronounced in the same fashion as in the familiar European languages...Italian: sdegno /'zdeJo/...French: ligne /liJ/.' (p.186),"Core claim (palatal nasal comparable to a familiar Italian/French 'gn') is right, but on p.186, not p.183 (which is the general lateral/nasal section intro). Grayson's own examples are sdegno and ligne, not ogni/agneau; the template substitutes different, though phonetically equivalent, example words not found verbatim in Grayson."
1,"[ipa] resembles the Italian gl in figlio, but without the friction: Russian /l-j/ is liquid, not lisping.",p. 184,SUPPORTED,p. 184,"'The Russian /l-j/-phoneme is similar to the Italian [K]-allophone (as in the word gli)...In Russian, there is no friction...Russian /l-j/ should be liquid (sonorant), not lisping (fricative).' (p.184)","Grayson's example word is 'gli', not 'figlio' (figlio contains gli); reasonable paraphrase, page correct."
1,"The hard sign makes no sound of its own, but it is phonologically significant in two ways: [char] preserves the hardness of the preceding consonant, then it triggers a /j/-glide before the next vowel.",p. 193,SUPPORTED,p. 193,"'Cyrillic Ъ IPA none...the consonant before -Ъ- generally should be pronounced in unpalatalized form, while the /j/+vowel cluster after the sign should articulate the initial /i/-glide.' (p.193)",
1,"The soft sign makes no sound of its own, but it is phonologically significant: [char] palatalizes most consonants that precede it.",p. 195,SUPPORTED,p. 195,'Cyrillic Ь IPA superscript j diacritic...Myagkii znak generally indicates that the preceding consonant is palatalized.' (p.195),
1,"In the genitive endings -ogo and -ego, g (г) is traditionally pronounced [ipa].",p. 232,NOT-FOUND,,NOT ESTABLISHED,"Page 232 (verified by image) discusses the doubled -nn- and -ss- clusters, unrelated to г or genitive endings. A full-text search of all 459 pages for 'genitive', 'ogo', and 'spelling convention' found no discussion of this rule anywhere in Grayson's dissertation."
1,"[ipa] sounds like /v/; this is a Russian spelling convention, not a phonological rule.",p. 232,NOT-FOUND,,NOT ESTABLISHED,Same search as above; no supporting passage found anywhere in the book's text layer.
1,"In the word bog (бог), g (г) is exceptionally pronounced as [ipa].",p. 233,WRONG-PAGE,p. 144,Page image of p.144: 'бог /box/ God' listed as an example under the letter Б entry.,"Confirmed by rendering p.144 as an image: Grayson transcribes бог as /box/ (г read as [x]), but as an example word under Б, not on p.233 (which is the -нн-/-сс- doubling section, confirmed unrelated by image)."
1,"In the cluster <cluster>, the letter l (л) is silent. This is one of several consonant clusters in Russian where a letter is still written but has no phonetic realization.",p. 244,WRONG-PAGE,p. 246,"'Three- and Four-Letter Clusters with First Member not Read...kyw /msr/... солнце [unique case] the sun' (p.246, -лнц- cluster, л silent)","p.244 covers a different exception (-здн- cluster with all three letters kept, e.g. бездна); the л-silent -лнц- example (солнце) is on p.246."
2,"In the cluster <cluster>, the letter d/t (д/т) is silent...",pp. 242-243,SUPPORTED,pp. 242-243,"'Three- and Four-Letter Clusters not Reading Internal -T- or -D-' heading (p.243, confirmed by image); poздно /'poznA/ (д silent), страстный /'strAsnij/ (т silent).",Confirmed by rendering p.243 as an image.
2,"In the cluster <cluster>, the letter z/s (з/с) is silent...",pp. 242-246,NOT-FOUND,,NOT ESTABLISHED,"The whole pp.242-246 section (confirmed by image of p.243) is explicitly titled 'Three- and Four-Letter Clusters not Reading Internal -T- or -D-' and its sequel on first-member deletion (л, в). No з or с deletion rule appears anywhere in this section, nor elsewhere via full-text search. This looks like a mismatch between the process key label (silent:з, silent:с) and Grayson's actual content, which only documents т, д, л, and в as silent cluster members."
1,"In the cluster <cluster>, the letter v (в) is silent...",pp. 244-245,WRONG-PAGE,p. 246,"'dcnd /rsu/... чувство...здравствуйте...безмолвствовать' (p.246, -вств- cluster, в silent)","The в-silent examples (чувство, здравствуйте) are on p.246, the 'first member not read' section, not pp.244-245 (which cover -стл- and -нтск- exceptions, unrelated letters)."
6,"Whenever <char> sits in front of a voiced consonant..., it voices to [ipa] through the regressive assimilation of voicing (p/f/k/t/sh/s).",pp. 215-221,PARTLY,pp. 215-224,"'Cyrillic k /g/ when followed by voiced consonant phonemes...' (p.219, к voicing example onward through п.220-224 for с,т,ф,ш).","к, с, т fall inside the cited range; ф's entry is p.222 and ш's is p.224, both outside 'pp.215-221'."
6,The place and manner of articulation stay the same; only the voicing changes (p/f/k/t/sh/s regressive voicing).,pp. 215-221,SUPPORTED,pp. 219-224,"General principle implicit throughout the regressive-voicing entries (e.g. 'Cyrillic -k- is read as voiced /g/, when followed by a voiced consonant phoneme', p.219): place/manner constant, voicing alone changes.",Reasonable paraphrase of the section's overall logic; precise page range should extend to 224.
6,"When <char> falls at the end of a word..., it devoices to [ipa] (b/v/g/d/zh/z, final).",pp. 226-229,WRONG-PAGE,pp. 199-202,"'Section 4 - Final Consonants...final consonants are generally unvoiced, regardless of spelling.' (p.199); entries for б->p, в->f, g->k, d/zh/z follow through p.202.","pp.226-229 (confirmed by image, p.232-233 vicinity) are the doubled-consonant (-нн-,-сс-,-тт- etc.) section, an entirely different topic."
6,"When <char> sits in a cluster before a voiceless consonant..., it devoices to [ipa] (regressive devoicing) (b/v/g/d/zh/z).",pp. 226-229,WRONG-PAGE,pp. 215-219,"'Cyrillic б /p/; /p-j/ when followed by an unvoiced consonant phoneme.' (p.215) through г->k (p.216), d->t (p.217), zh->sh (p.218), z->s (p.218-219).",Confirmed same mismatch as above; correct section is Chapter 6 Section 1's regressive-devoicing table.
6,"While <char> normally devoices here, the following voiced consonant [trigger] re-voices it through the regressive assimilation of voicing (b/v/g/d/zh/z).",pp. 226-229,WRONG-PAGE,pp. 215-224 (approx.),"'Reminder: Since consonant phonemes (except sonorants) in the final position are always unvoiced, only regressive voicing can occur across the word boundary...' (p.215).",Page 226-229 is confirmed wrong (double-consonant section). I could not pin the exact page for the specific b/v/g/d/zh/z re-voicing-after-devoicing mechanic within the time available; it is somewhere in the Chapter 6 material on regressive voicing/devoicing (pp.215-224) or the word-boundary assimilation section that follows. Flagging as approximate; a follow-up pass should confirm the precise page.
12,"The voicing drops (devoices) but the place of articulation stays the same (b/v/g/d/zh/z, final + regressive devoicing).",pp. 226-229,WRONG-PAGE,"pp. 199-202, 215-219",See final-devoicing and regressive-devoicing quotes above.,Same double-consonant-section mismatch.
6,The voicing is effectively preserved (b/v/g/d/zh/z regressive-voicing implication).,pp. 226-229,WRONG-PAGE,pp. 215-224 (approx.),See note on the 're-voices' process row above.,"Same caveat: general area confirmed wrong, precise page not pinned down in the time available."
13,"Like when we shape [i], the tongue rises toward the hard palate and quickly peels away from the soft palate as we perform this consonant.","pp. 140-156, 195",WRONG-PAGE,pp. 204-205,"'1) prepare the tongue by arching it and placing it up into the dome of the hard palate, and then 2) execute the consonant with the tongue still in the arched shape, and finally 3) proceed to a peeling action while voicing the cardinal vowel that follows' (pp.204-205)","This is the general palatalization mechanics description in Chapter 5's 'The Palatalization Process' (pp.204-205), not scattered across each consonant's own identity page (140-156) or p.195 (the soft sign entry)."
1,"In sung Russian, the letter r (р) is a lightly trilled /r/.",pp. 156-158,SUPPORTED,pp. 156-158,"'The Russian /r/ is trilled when singing...generally initial /r/ is a shorter trill, while final /r/ is slightly longer...but Russian /r/ also can be trilled longer or shorter...' (p.156)","Grayson does not use the word 'lightly', but describes a flexible, often short/tapped-leaning trill; reasonable paraphrase."
1,"Here, r (р) has no palatalizing agent nearby, so it takes its default: [ipa].",pp. 156-158,WRONG-PAGE,p. 169,"General hard/soft rule, p.169 (quoted above).",
1,"When r (р) is followed by a palatalizing agent..., it palatalizes to [ipa].",pp. 156-158,WRONG-PAGE,p. 169,"General hard/soft rule, p.169.",
1,The letter sh (ш) sounds like /sh/; one of the three hard consonants...,pp. 162-163,ALREADY-FIXED,pp. 162-163,Coordinator-verified 2026-09-26.,Not re-audited; listed per instructions.
1,The letter zh (ж) sounds like /zh/; one of the three hard consonants...,"pp. 165, 174",ALREADY-FIXED,"pp. 165, 174",Coordinator-verified 2026-09-26.,Not re-audited; listed per instructions.
1,The letter ts (ц) sounds like /ts/; one of the three hard consonants...,"pp. 166, 168, 283-284",ALREADY-FIXED,"pp. 166, 168, 283-284",Coordinator-verified 2026-09-26.,Not re-audited; listed per instructions.
1,"The letter i (и) usually sounds like /i/; in sung Russian, neither stress nor position reduces it.","pp. 89, 101",ALREADY-FIXED,"pp. 89, 101",Coordinator-verified 2026-09-26.,Independently reconfirmed: p.89 heading '/i/ b...' matches.
1,"Here, i (и) carries the stress, so it takes its default value: [ipa].","pp. 89, 101",ALREADY-FIXED,"pp. 89, 101",Coordinator-verified.,
2,"Stressed or unstressed, i (и) never reduces in sung Russian.","pp. 89, 101",ALREADY-FIXED,"pp. 89, 101",Coordinator-verified.,
1,"The letter y (ы) always sounds like /y-cyr/, regardless of stress.",pp. 89-90,WRONG-PAGE,"pp. 93-94, 102","'Sound Cyrillic [0] s...The allophone [0]...' (p.93); 'The allophone [0], when spelled as -s-, is unaffected by position or stress.' (p.102)","pp.89-90 are the и (/i/) entry, a different letter; ы's own [0]-allophone entry begins p.93 and its stress-invariance statement is on p.102."
1,"Here, y (ы) carries the stress, so it takes its default value: [ipa].",pp. 89-90,WRONG-PAGE,pp. 93-94,Same [0] entry as above.,
2,"When <char> follows an always-hard consonant..., it shifts to [ipa] (i/ye after hard sh/zh/ts).",pp. 89-90,WRONG-PAGE,p. 102,"'When the Cyrillic letter -и- is preceded by one of the consonants -zh-,-sh-,-ts-...it is read as [0]...When the letter -e- is in an unstressed syllable and is preceded by one of the letters -zh-,-sh-,-ts-, it too is read as [0].' (p.102)","This after-hard-consonant reading rule for и and е is on p.102, not pp.89-90 (the base и entry)."
1,"Stressed or unstressed, y (ы) never reduces in sung Russian.",pp. 89-90,WRONG-PAGE,p. 102,"'The allophone [0], when spelled as -s-, is unaffected by position or stress.' (p.102)",
2,[ipa] is the central vowel y (ы); retract the tongue slightly from the /i/ position (after-hard i/ye implication).,pp. 89-90,WRONG-PAGE,pp. 93-94,"'the allophone [0] is a velarized version of the /i/-phoneme...To shape this vowel, form the [k-j]-cluster in milk with the tongue, then carefully drop the entire tongue away from the roof of the mouth...' (pp.93-94)","Grayson's own instruction is to drop the tongue from a /k-j/-shaped position, not simply 'retract slightly from /i/'; broadly consistent but a looser paraphrase than most other entries."
2,"The letter u (у/ю) always sounds like /u/, regardless of stress.","pp. 91, 100",ALREADY-FIXED,"pp. 91, 100",Coordinator-verified.,Independently reconfirmed: p.91 heading '/u/ e ...' matches у; p.100 continuation.
2,"Here, u (у/ю) carries the stress, so it takes its default value: [ipa].","pp. 91, 100",ALREADY-FIXED,"pp. 91, 100",Coordinator-verified.,
2,"Stressed or unstressed, u (у/ю) never reduces in sung Russian.","pp. 91, 100",ALREADY-FIXED,"pp. 91, 100",Coordinator-verified.,
2,"In stressed syllables, the letter <char> usually sounds like /e-open/ (e/ye base identity).",p. 106,WRONG-PAGE,p. 87,'Sound Cyrillic /D/ apostrophe when followed by an unpalatalized (hard) consonant; t when preceded by a palatalized consonant...in the stressed syllable...The Russian open /D/-phoneme is essentially the same as open /D/ in European languages.' (p.87),"p.106 is the [e]-allophone (interpalatal-fronted variant) section for a different, narrower condition; the base, open /e-open/ identity for stressed э/е is introduced on p.87."
2,"Here, <char> carries the stress, so it takes its default value: [ipa] (e/ye base).",p. 106,WRONG-PAGE,p. 87,Same p.87 entry as above.,Same misplacement.
