path,lines,commits_all_time,commits_6mo,complexity_sum,complexity_max,nfunctions,method,score_6mo_x_complexity,score_alltime_x_complexity
apps/web/src/routes/+page.svelte,6225,209,130,469,37,108,script-block-eslint-complexity,60970,98021
packages/score-parser/src/staff-renderer.ts,3534,63,63,497,244,50,eslint-complexity,31311,31311
apps/web/src/lib/shane/Loupe.svelte,3054,52,52,381,141,37,script-block-eslint-complexity,19812,19812
apps/web/src/lib/shane/CalibrationWizard.svelte,2124,38,38,120,10,37,script-block-eslint-complexity,4560,4560
apps/web/src/lib/shane/ScoreUploader.svelte,1340,30,30,136,26,25,script-block-eslint-complexity,4080,4080
apps/web/src/lib/shane/pairings.ts,1423,18,18,218,27,38,eslint-complexity,3924,3924
packages/score-parser/src/musicxml-parser.ts,1168,11,11,331,132,30,eslint-complexity,3641,3641
apps/web/src/lib/shane/VoiceProfilePane.svelte,1490,62,62,54,10,12,script-block-eslint-complexity,3348,3348
packages/score-parser/src/mnx-parser.ts,1170,12,12,272,133,18,eslint-complexity,3264,3264
apps/web/src/lib/components/Drawer/InspectorPanel.svelte,2432,40,11,227,23,42,script-block-eslint-complexity,2497,9080
apps/web/src/lib/components/Drawer/Drawer.svelte,1990,87,46,51,11,11,script-block-eslint-complexity,2346,4437
apps/web/src/lib/pipeline.ts,1064,25,9,195,47,16,eslint-complexity,1755,4875
apps/web/src/lib/shane/loupe.ts,905,16,16,88,14,21,eslint-complexity,1408,1408
apps/web/src/lib/i18n.ts,1739,130,105,13,10,2,eslint-complexity,1365,1690
apps/web/src/lib/library/library.ts,532,11,11,103,37,19,eslint-complexity,1133,1133
apps/web/src/lib/shane/vowel-resolver.ts,634,13,13,79,37,9,eslint-complexity,1027,1027
apps/web/src/lib/shane/watchlist.ts,591,9,9,102,37,16,eslint-complexity,918,918
apps/web/src/lib/shane/insights.ts,777,6,6,136,19,26,eslint-complexity,816,816
apps/web/src/lib/shane/correction.ts,670,6,6,123,14,27,eslint-complexity,738,738
apps/web/src/lib/shane/InsightsPane.svelte,1350,11,11,63,11,15,script-block-eslint-complexity,693,693
apps/web/src/lib/shane/engine/live.ts,749,5,5,123,17,21,eslint-complexity,615,615
packages/score-parser/src/page-layout.ts,426,15,15,41,16,9,eslint-complexity,615,615
apps/web/src/lib/shane/entry.ts,602,5,5,108,13,22,eslint-complexity,540,540
apps/web/src/lib/components/Drawer/IntakePanel.svelte,998,69,46,11,4,4,script-block-eslint-complexity,506,759
apps/web/src/lib/library/driver.ts,525,6,6,80,20,24,eslint-complexity,480,480
apps/web/src/lib/shane/clitic-seat.ts,489,7,7,63,25,10,eslint-complexity,441,441
packages/phonology/src/engine.ts,2276,7,1,401,75,39,eslint-complexity,401,2807
apps/web/src/lib/components/Drawer/sections.svelte.ts,467,9,9,43,10,10,eslint-complexity,387,387
packages/score-parser/src/overlay-engine.ts,284,7,7,52,32,6,eslint-complexity,364,364
apps/web/src/lib/shane/analyze-score-adapter.ts,259,8,8,44,35,3,eslint-complexity,352,352
apps/web/src/lib/shane/ingestion/format-detection.ts,254,7,7,48,18,8,eslint-complexity,336,336
apps/web/src/lib/shane/CorrectionSurface.svelte,1265,21,21,15,9,3,script-block-eslint-complexity,315,315
apps/web/src/lib/loader.ts,732,11,3,100,11,23,eslint-complexity,300,1100
apps/web/src/lib/shane/ingestion/ingest.ts,398,5,5,60,22,9,eslint-complexity,300,300
packages/score-parser/src/unfold.ts,699,2,2,138,47,9,eslint-complexity,276,276
apps/web/src/lib/shane/ingestion/recognized-to-musicxml.ts,348,4,4,60,41,7,eslint-complexity,240,240
apps/web/src/lib/shane/selection-ring.ts,361,4,4,54,14,7,eslint-complexity,216,216
apps/web/src/lib/shane/heal.ts,512,2,2,106,45,13,eslint-complexity,212,212
apps/web/src/lib/shane/ProfileSwitcher.svelte,539,7,7,30,7,10,script-block-eslint-complexity,210,210
packages/score-parser/src/phonation.ts,580,2,2,93,34,13,eslint-complexity,186,186
apps/web/src/lib/shane/profileStore.ts,246,5,5,37,18,5,eslint-complexity,185,185
packages/score-parser/src/transposition.ts,393,3,3,55,9,11,eslint-complexity,165,165
apps/web/src/lib/library/document.svelte.ts,379,7,7,23,5,7,eslint-complexity,161,161
apps/web/src/lib/shane/engine/readiness.ts,340,5,5,31,8,7,eslint-complexity,155,155
apps/web/src/lib/library/songs.ts,268,3,3,47,7,15,eslint-complexity,141,141
apps/web/src/lib/library/binder.ts,288,4,4,35,24,5,eslint-complexity,140,140
apps/web/src/lib/shane/comments.ts,463,1,1,133,48,18,eslint-complexity,133,133
apps/web/src/lib/shane/engine/guard.ts,178,2,2,64,18,11,eslint-complexity,128,128
apps/web/src/lib/shane/advice-resolver.ts,383,7,7,18,6,6,eslint-complexity,126,126
packages/score-parser/src/demo-fixture.ts,218,9,9,14,8,3,eslint-complexity,126,126
apps/web/src/lib/components/Drawer/bandState.ts,250,5,5,24,5,7,eslint-complexity,120,120
apps/web/src/lib/shane/engine/page-pdf.ts,287,4,4,30,11,4,eslint-complexity,120,120
packages/score-parser/src/diction-marks.ts,309,2,2,59,19,8,eslint-complexity,118,118
apps/web/src/lib/components/InstallPrompt.svelte,227,10,7,16,7,5,script-block-eslint-complexity,112,160
apps/web/src/lib/shane/engine/analyze.ts,93,4,4,28,13,3,eslint-complexity,112,112
apps/web/src/lib/components/Drawer/SearchableSelect.svelte,418,5,3,37,10,8,script-block-eslint-complexity,111,185
packages/score-parser/src/smufl-metadata.ts,287,5,5,21,19,2,eslint-complexity,105,105
apps/web/src/lib/shane/engine/derivations.ts,107,4,4,25,9,4,eslint-complexity,100,100
packages/score-parser/src/conditions.ts,417,1,1,100,35,14,eslint-complexity,100,100
apps/web/src/lib/shane/reseat.ts,332,3,3,32,25,3,eslint-complexity,96,96
apps/web/src/lib/shane/comment-text.ts,369,1,1,91,25,18,eslint-complexity,91,91
apps/web/src/lib/shane/engine/dsp.ts,256,1,1,89,12,18,eslint-complexity,89,89
apps/web/src/lib/syllable-utils.ts,366,4,1,89,21,13,eslint-complexity,89,356
apps/web/src/lib/shane/engine/stub.ts,190,4,4,22,3,9,eslint-complexity,88,88
packages/dictionary/src/gloss.ts,518,9,1,88,17,9,eslint-complexity,88,792
packages/score-parser/src/tempo-seam.ts,566,1,1,86,32,11,eslint-complexity,86,86
apps/web/src/lib/shane/loupe-render.ts,196,3,3,28,7,7,eslint-complexity,84,84
apps/web/src/lib/library/exchange.ts,390,2,2,41,10,7,eslint-complexity,82,82
apps/web/src/lib/library/index.ts,248,3,3,27,12,5,eslint-complexity,81,81
apps/web/src/lib/destinations.ts,113,5,5,16,8,3,eslint-complexity,80,80
apps/web/src/lib/components/DeskHead.svelte,265,6,6,13,7,2,script-block-eslint-complexity,78,78
apps/web/src/lib/shane/engine/detector.ts,118,3,3,25,13,3,eslint-complexity,75,75
apps/web/src/lib/shane/Tessituragram.svelte,361,2,2,37,7,12,script-block-eslint-complexity,74,74
apps/web/src/lib/components/Paper/TitleHeader.svelte,213,16,9,8,3,3,script-block-eslint-complexity,72,128
apps/web/src/lib/components/Paper/WordStack.svelte,388,26,2,36,15,4,script-block-eslint-complexity,72,936
apps/web/src/lib/provenance.ts,211,6,3,23,20,2,eslint-complexity,69,138
apps/web/src/lib/shane/engine/extract.ts,131,1,1,69,11,20,eslint-complexity,69,69
apps/web/src/lib/shane/pacifier/contrast.ts,384,6,6,10,3,4,eslint-complexity,60,60
packages/score-parser/src/vocal-octave.ts,114,3,3,20,10,5,eslint-complexity,60,60
apps/web/src/lib/metadata-provenance.ts,206,2,2,29,9,6,eslint-complexity,58,58
apps/web/src/lib/shane/engine/plausibility.ts,265,2,2,27,9,4,eslint-complexity,54,54
apps/web/src/lib/shane/NotePicker.svelte,380,4,4,13,3,6,script-block-eslint-complexity,52,52
apps/web/src/lib/shane/engine/page-reader.worker.ts,366,3,3,15,6,5,eslint-complexity,45,45
apps/web/src/lib/text-diff.ts,276,1,1,45,23,5,eslint-complexity,45,45
apps/web/src/lib/shane/engine/page-reader.ts,212,2,2,22,6,5,eslint-complexity,44,44
apps/web/src/lib/page-config.ts,206,8,2,19,7,5,eslint-complexity,38,152
packages/dictionary/src/pre-reform-normalizer.ts,306,3,3,11,6,3,eslint-complexity,33,33
apps/web/src/lib/components/Drawer/NotationFields.svelte,336,16,16,2,2,1,script-block-eslint-complexity,32,32
packages/score-parser/src/tessitura.ts,223,2,2,16,9,2,eslint-complexity,32,32
apps/web/src/lib/components/Drawer/SongList.svelte,353,6,6,5,3,2,script-block-eslint-complexity,30,30
apps/web/src/lib/library/zip-writer.ts,127,2,2,15,9,3,eslint-complexity,30,30
apps/web/src/lib/library/notices.ts,216,1,1,29,7,8,eslint-complexity,29,29
apps/web/src/lib/components/Paper/TitlePage.svelte,253,20,7,4,4,1,script-block-eslint-complexity,28,80
apps/web/src/lib/shane/fit-legend.ts,168,3,3,9,7,2,eslint-complexity,27,27
apps/web/src/lib/library/migration.ts,119,1,1,26,12,3,eslint-complexity,26,26
packages/score-parser/src/clef-select.ts,78,2,2,13,5,4,eslint-complexity,26,26
apps/web/src/lib/components/Paper/PageFooter.svelte,256,22,12,2,2,1,script-block-eslint-complexity,24,44
apps/web/src/lib/shane/engine/score-reader.worker.ts,183,2,2,12,5,4,eslint-complexity,24,24
apps/web/src/lib/shane/ingestion/zip-reader.ts,198,1,1,23,8,5,eslint-complexity,23,23
apps/web/src/lib/shane/ingestion/mini-dom.ts,101,1,1,22,12,5,eslint-complexity,22,22
packages/score-parser/src/tempo-terms.ts,196,1,1,22,16,2,eslint-complexity,22,22
apps/web/src/lib/shane/LoupeSyllables.svelte,309,1,1,21,8,5,script-block-eslint-complexity,21,21
apps/web/src/lib/shane/note-picker.ts,105,2,2,10,3,4,eslint-complexity,20,20
apps/web/src/lib/shane/system-ground.ts,77,2,2,10,5,3,eslint-complexity,20,20
apps/web/src/lib/shane/comment-sources.ts,246,1,1,19,5,6,eslint-complexity,19,19
apps/web/src/lib/library/idb.ts,134,1,1,17,7,6,eslint-complexity,17,17
apps/web/src/lib/library/quota.ts,70,1,1,16,6,3,eslint-complexity,16,16
apps/web/src/lib/one-action.ts,133,2,2,8,5,2,eslint-complexity,16,16
apps/web/src/lib/shane/engine/page-image.ts,98,2,2,8,4,3,eslint-complexity,16,16
apps/web/src/lib/shane/engine/staff-detect.ts,128,1,1,16,14,2,eslint-complexity,16,16
apps/web/src/lib/shane/score-metrics.ts,135,2,2,8,8,1,eslint-complexity,16,16
apps/web/src/lib/shane/underlay-donor.ts,106,1,1,16,13,2,eslint-complexity,16,16
apps/web/src/routes/fit-font-lab/+page.svelte,186,4,4,4,4,1,script-block-eslint-complexity,16,16
apps/web/src/lib/shane/InsightsIntake.svelte,206,1,1,15,8,4,script-block-eslint-complexity,15,15
apps/web/src/lib/shane/engine/score-reader.ts,190,1,1,15,5,4,eslint-complexity,15,15
apps/web/src/lib/shane/ingestion/poem-or-score.ts,62,2,2,7,7,1,eslint-complexity,14,14
apps/web/src/lib/shane/ingestion/ocr-guard.ts,133,1,1,13,5,5,eslint-complexity,13,13
apps/web/src/lib/shane/score-seat.ts,124,1,1,13,13,1,eslint-complexity,13,13
packages/score-parser/src/modification-engine.ts,92,1,1,13,9,2,eslint-complexity,13,13
apps/web/src/lib/composers-poets.ts,200,3,1,12,7,3,eslint-complexity,12,36
apps/web/src/lib/shane/notation-overlay.ts,77,1,1,12,12,1,eslint-complexity,12,12
packages/score-parser/src/sustain.ts,102,1,1,12,5,4,eslint-complexity,12,12
apps/web/src/lib/library/channel.ts,64,1,1,11,4,4,eslint-complexity,11,11
apps/web/src/lib/shane/engine/divergence.ts,21,1,1,11,7,2,eslint-complexity,11,11
packages/score-parser/src/performance-order.ts,103,1,1,11,9,2,eslint-complexity,11,11
apps/web/src/lib/shane/range-offer-decline.ts,55,1,1,9,3,3,eslint-complexity,9,9
packages/score-parser/src/pickup.ts,47,1,1,9,9,1,eslint-complexity,9,9
apps/web/src/lib/components/Paper/RunningHeader.svelte,55,6,4,2,2,1,script-block-eslint-complexity,8,12
apps/web/src/lib/shane/engine/mscz-converter.ts,174,1,1,8,6,2,eslint-complexity,8,8
apps/web/src/lib/shane/ingestion/clef-key-prompt.ts,70,1,1,8,8,1,eslint-complexity,8,8
apps/web/src/lib/components/Drawer/gesture.ts,87,1,1,7,7,1,eslint-complexity,7,7
packages/score-parser/src/tempo-lexicon.ts,184,1,1,7,7,1,eslint-complexity,7,7
apps/web/src/lib/gloss-resolve.ts,46,1,1,6,6,1,eslint-complexity,6,6
apps/web/src/lib/shane/TextualWitnesses.svelte,197,2,2,3,3,1,script-block-eslint-complexity,6,6
packages/score-parser/src/verses.ts,34,1,1,6,6,1,eslint-complexity,6,6
apps/web/src/lib/shane/reconciliation/witnesses.ts,48,1,1,5,3,2,eslint-complexity,5,5
packages/score-parser/src/underlay-widths.ts,848,1,1,5,3,2,eslint-complexity,5,5
apps/web/src/lib/reading-aid.ts,39,1,1,4,4,1,eslint-complexity,4,4
apps/web/src/lib/shane/engine/notation-fonts.ts,78,1,1,4,4,1,eslint-complexity,4,4
apps/web/src/lib/shane/first-seat.ts,64,2,2,2,2,1,eslint-complexity,4,4
apps/web/src/lib/install-decline.ts,62,1,1,3,3,1,eslint-complexity,3,3
apps/web/src/lib/library/fingerprint.ts,55,1,1,3,3,1,eslint-complexity,3,3
apps/web/src/lib/shane/reconciliation/taxonomy.ts,58,1,1,3,3,1,eslint-complexity,3,3
apps/web/src/lib/shane/seated-text.ts,33,1,1,3,3,1,eslint-complexity,3,3
apps/web/src/lib/shane/analyze-per-verse.ts,47,1,1,2,2,1,eslint-complexity,2,2
apps/web/src/lib/shane/waiting-seat.ts,47,1,1,2,2,1,eslint-complexity,2,2
apps/web/src/routes/+page.ts,27,1,1,2,2,1,eslint-complexity,2,2
apps/web/src/app.d.ts,13,1,0,0,0,0,eslint-complexity,0,0
apps/web/src/lib/components/Drawer/AnalysisStation.svelte,203,2,2,0,0,0,script-block-eslint-complexity,0,0
apps/web/src/lib/components/Drawer/MetadataFields.svelte,253,8,8,0,0,0,script-block-eslint-complexity,0,0
apps/web/src/lib/components/Drawer/RootPanel.svelte,293,53,30,0,0,0,script-block-eslint-complexity,0,0
apps/web/src/lib/components/Drawer/StationHeader.svelte,287,4,4,0,0,0,script-block-eslint-complexity,0,0
apps/web/src/lib/components/Drawer/VoiceAnchor.svelte,135,4,4,0,0,0,script-block-eslint-complexity,0,0
apps/web/src/lib/components/Drawer/layout.ts,64,1,1,0,0,0,eslint-complexity,0,0
apps/web/src/lib/components/HeaderBar.svelte,259,23,15,0,0,0,script-block-eslint-complexity,0,0
apps/web/src/lib/components/Paper/PageFit.svelte,121,1,1,0,0,0,script-block-eslint-complexity,0,0
apps/web/src/lib/components/Paper/Paper.svelte,131,20,6,0,0,0,script-block-eslint-complexity,0,0
apps/web/src/lib/components/Paper/ReadingPaper.svelte,510,13,9,0,0,0,script-block-eslint-complexity,0,0
apps/web/src/lib/components/Paper/SubsequentPage.svelte,142,15,6,0,0,0,script-block-eslint-complexity,0,0
apps/web/src/lib/components/Paper/VerseLine.svelte,96,9,0,18,13,3,script-block-eslint-complexity,0,162
apps/web/src/lib/components/Reading/GuideContent.svelte,610,20,20,0,0,0,script-block-eslint-complexity,0,0
apps/web/src/lib/components/Reading/LearnContent.svelte,4099,89,10,0,0,0,script-block-eslint-complexity,0,0
apps/web/src/lib/components/ReadingAid.svelte,181,1,1,0,0,0,script-block-eslint-complexity,0,0
apps/web/src/lib/library/types.ts,190,7,7,0,0,0,eslint-complexity,0,0
apps/web/src/lib/reconstitution.ts,110,2,0,22,17,2,eslint-complexity,0,44
apps/web/src/lib/shane/engine/errors.ts,70,1,1,0,0,0,eslint-complexity,0,0
apps/web/src/lib/shane/engine/session.ts,87,2,2,0,0,0,eslint-complexity,0,0
apps/web/src/lib/shane/engine/types.ts,129,7,7,0,0,0,eslint-complexity,0,0
apps/web/src/lib/shane/engine/vendor/webmscore.d.ts,16,1,1,0,0,0,eslint-complexity,0,0
apps/web/src/lib/shane/engraving.ts,50,2,2,0,0,0,eslint-complexity,0,0
apps/web/src/lib/shane/ingestion/recognized.ts,106,2,2,0,0,0,eslint-complexity,0,0
apps/web/src/lib/shane/ingestion/zip-fixture.ts,21,2,2,0,0,0,eslint-complexity,0,0
apps/web/src/lib/shane/loupe-render-bundle.ts,29,2,2,0,0,0,eslint-complexity,0,0
apps/web/src/lib/shane/pacifier/Pacifier.svelte,994,9,9,0,0,0,script-block-eslint-complexity,0,0
apps/web/src/lib/shane/reconciliation/types.ts,119,1,1,0,0,0,eslint-complexity,0,0
apps/web/src/lib/types.ts,202,13,1,0,0,0,eslint-complexity,0,0
apps/web/src/lib/wall.ts,7,1,1,0,0,0,eslint-complexity,0,0
apps/web/src/routes/+layout.svelte,26,3,0,0,0,0,script-block-eslint-complexity,0,0
apps/web/src/routes/+layout.ts,4,1,0,0,0,0,eslint-complexity,0,0
packages/blurb/src/cluster-breakdowns.ts,122,1,0,2,2,1,eslint-complexity,0,2
packages/blurb/src/composer.ts,627,2,0,131,39,14,eslint-complexity,0,262
packages/blurb/src/index.ts,61,2,0,0,0,0,eslint-complexity,0,0
packages/blurb/src/types.ts,128,1,0,0,0,0,eslint-complexity,0,0
packages/dictionary/src/curated-glosses.ts,215,1,0,0,0,0,eslint-complexity,0,0
packages/dictionary/src/cyrillic.ts,94,1,0,17,11,2,eslint-complexity,0,17
packages/dictionary/src/index.ts,54,6,2,0,0,0,eslint-complexity,0,0
packages/dictionary/src/poetic-normalizer.ts,88,1,0,10,6,2,eslint-complexity,0,10
packages/dictionary/src/types.ts,60,3,1,0,0,0,eslint-complexity,0,0
packages/phonology/src/clitics.ts,105,1,0,6,6,1,eslint-complexity,0,6
packages/phonology/src/index.ts,44,3,0,0,0,0,eslint-complexity,0,0
packages/score-parser/src/analysis-types.ts,268,8,8,0,0,0,eslint-complexity,0,0
packages/score-parser/src/index.ts,208,23,23,0,0,0,eslint-complexity,0,0
packages/score-parser/src/renderer-output.ts,122,1,1,0,0,0,eslint-complexity,0,0
packages/score-parser/src/types.ts,960,10,10,0,0,0,eslint-complexity,0,0
