claim_id,source_file,citekey,page,section_heading,claim_type,claim,quote,evidence,attributed_to,plan_bearing,read_by,notes
R12-001,Rebelo_A et al (2012) - Optical Music Recognition State-of-the-Art and Open Issues - IJMIR 001_03 173-190.pdf,Rebelo et al. 2012,174,1 Introduction,finding,"The leading commercial products of the time (Notescan, Midiscan, PhotoScore, SmartScore, SharpEye) could not identify all musical symbols; they did quite well on typeset and printed music and poorly on handwritten music.",,survey authors' assessment,,Sets an honest expectation for the outcome: even mature products need correction.,"desk (Fable), PDF text layer, 2026-10-01",
R12-002,Rebelo_A et al (2012) - Optical Music Recognition State-of-the-Art and Open Issues - IJMIR 001_03 173-190.pdf,Rebelo et al. 2012,174,1.1 OMR architecture,definition,A typical OMR system has four stages: image preprocessing; recognition of musical symbols; reconstruction of the musical information into a logical description; construction of a notation model as a symbolic description of the sheet.,,framework,Rebelo et al. [83]; Bainbridge and Bell [3] for the generic framework,Our pipeline maps onto it: straighten = stage 1; structure and voice events = stage 2; the page model and its checks = stage 3; the conversion = stage 4.,"desk (Fable), PDF text layer, 2026-10-01",
R12-003,Rebelo_A et al (2012) - Optical Music Recognition State-of-the-Art and Open Issues - IJMIR 001_03 173-190.pdf,Rebelo et al. 2012,174,1.1 OMR architecture,mechanism,"Preprocessing may apply enhancement, binarization, noise removal, blurring, and de-skewing; the staff line thickness and the distance between staff lines are computed and give the basic scale for all relative size comparisons.",,survey text,,"Supports Dann's design-software tools (despeckle, deskew) and principle 1, the staff as the ruler.","desk (Fable), PDF text layer, 2026-10-01",
R12-004,Rebelo_A et al (2012) - Optical Music Recognition State-of-the-Art and Open Issues - IJMIR 001_03 173-190.pdf,Rebelo et al. 2012,175,1.1 OMR architecture,definition,Symbol recognition is usually three parts: staff line detection and removal; segmentation of symbol primitives; recognition of the symbols.,,survey text,,Matches the reader's existing stages.,"desk (Fable), PDF text layer, 2026-10-01",
R12-005,Rebelo_A et al (2012) - Optical Music Recognition State-of-the-Art and Open Issues - IJMIR 001_03 173-190.pdf,Rebelo et al. 2012,175,1.1 OMR architecture,mechanism,"In reconstruction, graphical and syntactic rules bring in context to validate the recognition stage's results and resolve its ambiguities; symbols are then given musical meaning.",,survey text,,"Precedent for the sanity checks deciding, not only flagging (plan section 8, departure 3).","desk (Fable), PDF text layer, 2026-10-01",
R12-006,Rebelo_A et al (2012) - Optical Music Recognition State-of-the-Art and Open Issues - IJMIR 001_03 173-190.pdf,Rebelo et al. 2012,175,1.1 OMR architecture,cited,Some systems use a voting scheme that merges the best features of several OMR algorithms to get better results.,,cited work,Byrd and Schindele [13]; Knopke and Byrd [55],"A precedent for voting, though across engines, not across the signs of one system as in principle 3.","desk (Fable), PDF text layer, 2026-10-01",Read the primaries before citing them.
R12-007,Rebelo_A et al (2012) - Optical Music Recognition State-of-the-Art and Open Issues - IJMIR 001_03 173-190.pdf,Rebelo et al. 2012,177,2 Image preprocessing,method-limit,"Most published work scanned at 300 dpi, some at 400 or 600; no study had evaluated how the methods depend on resolution.",,survey authors' observation,,Matches what we measured: the staff count for one page changed with the raster. Supports resizing every page to one staff size.,"desk (Fable), PDF text layer, 2026-10-01",
R12-008,Rebelo_A et al (2012) - Optical Music Recognition State-of-the-Art and Open Issues - IJMIR 001_03 173-190.pdf,Rebelo et al. 2012,177,2 Image preprocessing,mechanism,"The most common preprocessing techniques for scores are enhancement, binarization, noise removal, blurring, de-skewing, and morphological operations.",,survey text,,"The design-software tool set Dann named at 22:22, as the field's standard list.","desk (Fable), PDF text layer, 2026-10-01",
R12-009,Rebelo_A et al (2012) - Optical Music Recognition State-of-the-Art and Open Issues - IJMIR 001_03 173-190.pdf,Rebelo et al. 2012,177,2.1 Binarization,method-limit,"Binarization eases later steps but often introduces artifacts, so its advantage across the whole OMR process is not clear.",,survey authors' assessment,,"The Jurgenson scan is already two-tone; for grey scans and photocopies, keep the grey original as the witness.","desk (Fable), PDF text layer, 2026-10-01",
R12-010,Rebelo_A et al (2012) - Optical Music Recognition State-of-the-Art and Open Issues - IJMIR 001_03 173-190.pdf,Rebelo et al. 2012,178,2.1 Binarization,cited,"A binarization method was proposed that uses the image's own content, the staff line thickness and spacing, to guide the threshold; it was the only content-aware method known to the authors.",,cited work,Pinto et al. [72],"Clean relative to the staff, never by fixed amounts.","desk (Fable), PDF text layer, 2026-10-01",Read the primary before citing.
R12-011,Rebelo_A et al (2012) - Optical Music Recognition State-of-the-Art and Open Issues - IJMIR 001_03 173-190.pdf,Rebelo et al. 2012,178,2.2 Reference lengths,mechanism,Most algorithms rely on an estimate of staff line thickness and staff spacing so that later processing is independent of predetermined magic numbers; fixed thresholds make a system hard to adapt to new situations.,causes systems to become inflexible,survey text,,The audit's error 7: the reader is tuned to a corpus by fixed constants. The field's remedy is the one in principle 4: measure from the page.,"desk (Fable), PDF text layer, 2026-10-01",
R12-012,Rebelo_A et al (2012) - Optical Music Recognition State-of-the-Art and Open Issues - IJMIR 001_03 173-190.pdf,Rebelo et al. 2012,179,2.2 Reference lengths,mechanism,Run-length coding of each image column gives the reference lengths: the most common black run is the line thickness and the most common white run is the spacing.,,survey text,"[16, 26, 32, 41, 89]","Ilya already does this (`reader.py:250`, `staff_space_from_runs`).","desk (Fable), PDF text layer, 2026-10-01",
R12-013,Rebelo_A et al (2012) - Optical Music Recognition State-of-the-Art and Open Issues - IJMIR 001_03 173-190.pdf,Rebelo et al. 2012,179,2.2 Reference lengths,cited,"On noisy scores with pale, broken lines the plain estimate fails (one example gives 1 and 1 against a true 5 and 19); a more robust estimate takes the most common sum of two consecutive vertical runs.",,cited work,Cardoso and Rebelo [17],Ilya's estimate is already the sum form: 'black-plus-following-white run' (`reader.py:251`). Relevant to degraded photocopies.,"desk (Fable), PDF text layer, 2026-10-01",
R12-014,Rebelo_A et al (2012) - Optical Music Recognition State-of-the-Art and Open Issues - IJMIR 001_03 173-190.pdf,Rebelo et al. 2012,180,3 Staff line detection and removal,method-limit,"Removing staff lines simplifies later tasks at the risk of introducing noise: symbols are often broken, or leftover line fragments are read as symbols. Several authors work without removing the lines.",,survey text,"works without removal: [5, 7, 45, 58, 68, 76, 93]","Supports keeping the untouched image and using masks, as the reader's own ruling does (`reader.py:703-705`).","desk (Fable), PDF text layer, 2026-10-01",
R12-015,Rebelo_A et al (2012) - Optical Music Recognition State-of-the-Art and Open Issues - IJMIR 001_03 173-190.pdf,Rebelo et al. 2012,180,3 Staff line detection and removal,finding,"Distorted staff lines are a common problem in printed as well as handwritten scores: lines are often not straight or horizontal, and sometimes hardly parallel to one another.",,survey authors' assessment,,Exactly what Tchaikovsky page 2 shows (drift growing from 5 px to 59 px down the page).,"desk (Fable), PDF text layer, 2026-10-01",
R12-016,Rebelo_A et al (2012) - Optical Music Recognition State-of-the-Art and Open Issues - IJMIR 001_03 173-190.pdf,Rebelo et al. 2012,180,3 Staff line detection and removal,mechanism,"The simplest staff finder takes local maxima of the horizontal projection of black pixels, assuming straight horizontal lines; the page can be projected at several rotation angles and the best kept.",,survey text,"[41, 79]",This is the reader's current method and its known weakness (audit error 1). The desk's rotation test on page 2 is this method failing.,"desk (Fable), PDF text layer, 2026-10-01",
R12-017,Rebelo_A et al (2012) - Optical Music Recognition State-of-the-Art and Open Issues - IJMIR 001_03 173-190.pdf,Rebelo et al. 2012,180,3 Staff line detection and removal,cited,"Other methods build staves from short staff segments, linking segments horizontally and vertically and merging overlaps; one treats a staff line segment as a horizontal chain of vertical black runs of uniform height, validated by its neighbours.",,cited work,Miyao and Okamoto 2004 [63]; Szwoch 2005 [95]; Dutta et al. 2010 [32]; Dalitz et al. 2008 [26],Precedent for the strip trace in `proto-trace-staves_r1_2026-10-01.py`.,"desk (Fable), PDF text layer, 2026-10-01",Names checked against the survey's reference list. Read the primaries before citing.
R12-018,Rebelo_A et al (2012) - Optical Music Recognition State-of-the-Art and Open Issues - IJMIR 001_03 173-190.pdf,Rebelo et al. 2012,180,3 Staff line detection and removal,method-limit,"All the staff-detection methods have limits; lines with curvature or with breaks are inadequately resolved, and only a few works try to handle breaks.",,survey authors' assessment,dash detector [57],"Broken staff and system lines on photocopies are a known open problem, not a solved one.","desk (Fable), PDF text layer, 2026-10-01",
R12-019,Rebelo_A et al (2012) - Optical Music Recognition State-of-the-Art and Open Issues - IJMIR 001_03 173-190.pdf,Rebelo et al. 2012,180,3 Staff line detection and removal,cited,"A staff line can be found as the shortest connected path between the left and right margins that runs almost entirely through black pixels, a global optimization; it was tested on 32 synthetic scores with applied deformations and 40 real handwritten scores.",,cited work,Cardoso et al. [16],A named alternative if the strip trace misses its gate: the 'stable paths' approach. Belongs in the plan's pivots.,"desk (Fable), PDF text layer, 2026-10-01",Read the primary before adopting.
R12-020,Rebelo_A et al (2012) - Optical Music Recognition State-of-the-Art and Open Issues - IJMIR 001_03 173-190.pdf,Rebelo et al. 2012,180-181,4 Symbol segmentation and recognition,finding,"The main obstacles to isolating symbols come from printing, digitization, and paper degradation: distorted staff lines, broken and overlapping symbols, varying sizes and shapes, and dense zones.",,survey authors' assessment,,Dann's 'detangling' is the field's central difficulty.,"desk (Fable), PDF text layer, 2026-10-01",
R12-021,Rebelo_A et al (2012) - Optical Music Recognition State-of-the-Art and Open Issues - IJMIR 001_03 173-190.pdf,Rebelo et al. 2012,181,4 Symbol segmentation and recognition,mechanism,"The usual approach is hierarchical: the sheet is split by staves, then elementary symbols are extracted (noteheads, rests, dots, stems, flags).",,survey text,"e.g. [20, 31, 45, 62, 66, 83, 85, 98]","The page model's hierarchy (page, system, staff, bar, event) is the standard shape.","desk (Fable), PDF text layer, 2026-10-01",
R12-022,Rebelo_A et al (2012) - Optical Music Recognition State-of-the-Art and Open Issues - IJMIR 001_03 173-190.pdf,Rebelo et al. 2012,181,4 Symbol segmentation and recognition,cited,"One system for printed scores produces several recognition hypotheses per symbol and makes the final decision with a fuzzy model, from consistency between symbols.",,cited work,Rossant and Bloch 2007 [89],"Close to principle 6 (read, deduced, unsure) and principle 3 (signs vote). The survey calls this a good methodology for printed music (p. 187).","desk (Fable), PDF text layer, 2026-10-01",Read the primary; it is the nearest published design to ours.
R12-023,Rebelo_A et al (2012) - Optical Music Recognition State-of-the-Art and Open Issues - IJMIR 001_03 173-190.pdf,Rebelo et al. 2012,181,4 Symbol segmentation and recognition,cited,One system detects barlines from their height and from the absence of noteheads at their ends.,,cited work,Fornés and Sánchez 2005 [35],A barline test that complements the cross-staff vote.,"desk (Fable), PDF text layer, 2026-10-01",Name checked against the survey's reference list. That work is on old handwritten scores.
R12-024,Rebelo_A et al (2012) - Optical Music Recognition State-of-the-Art and Open Issues - IJMIR 001_03 173-190.pdf,Rebelo et al. 2012,182,4 Symbol segmentation and recognition,cited,"Classifiers with a reject option attach a confidence measure and decline to classify uncertain patterns such as broken or touching symbols, which are then handled manually; this minimizes misclassification.",,cited work,"[25, 46, 94]",The field's name for 'unsure': reject and hand to the person.,"desk (Fable), PDF text layer, 2026-10-01",
R12-025,Rebelo_A et al (2012) - Optical Music Recognition State-of-the-Art and Open Issues - IJMIR 001_03 173-190.pdf,Rebelo et al. 2012,182,4 Symbol segmentation and recognition,cited,"Lyrics make a music document more complex. One work extracts lyric lines by computing baselines for lyrics and notes after staff removal, noting that lyric baselines can be highly curved; an overview of lyric recognition stresses associating lyrics with notes.",,cited work,Burgoyne et al. 2009 [11]; George 2004 [44],"Thin support for the lyric guide: the lyric line is a baseline, and it may curve. Tested on medieval sources, not on engraved song.","desk (Fable), PDF text layer, 2026-10-01",The survey gives lyrics one paragraph. Names checked against the survey's reference list.
R12-026,Rebelo_A et al (2012) - Optical Music Recognition State-of-the-Art and Open Issues - IJMIR 001_03 173-190.pdf,Rebelo et al. 2012,182-183,5 Musical notation construction and final representation,mechanism,"Music layout is two-dimensional, with pitch vertical and time horizontal, so position carries meaning: the same shape means different things in different places, and telling a tie from a slur needs the pitches of the two notes.",,survey text,,"Principle 1's grid, and the test for ties that the plan now includes.","desk (Fable), PDF text layer, 2026-10-01",
R12-027,Rebelo_A et al (2012) - Optical Music Recognition State-of-the-Art and Open Issues - IJMIR 001_03 173-190.pdf,Rebelo et al. 2012,183,5 Musical notation construction and final representation,cited,Several systems formalize musical knowledge as a grammar that says how primitives combine into valid musical events; its proponent argues it reduces errors that come from using only very local information.,,cited work,"[4, 7, 22, 73, 74, 85]; Coüasnon [22, 24]",Supports checks at the level of the bar and system. No statistical results were available for the grammar system cited.,"desk (Fable), PDF text layer, 2026-10-01",
R12-028,Rebelo_A et al (2012) - Optical Music Recognition State-of-the-Art and Open Issues - IJMIR 001_03 173-190.pdf,Rebelo et al. 2012,183,5 Musical notation construction and final representation,cited,"One system applies graphical rules (an accidental sits before its notehead at the same height; a dot follows or sits above a notehead; other symbols cannot overlap) and then syntactic rules on tonality, accidentals, and metre, checking the number of beats per bar at the end.",,cited work,Rossant and Bloch 2007 [89],"Bar arithmetic as a check, in a system for printed scores.","desk (Fable), PDF text layer, 2026-10-01",
R12-029,Rebelo_A et al (2012) - Optical Music Recognition State-of-the-Art and Open Issues - IJMIR 001_03 173-190.pdf,Rebelo et al. 2012,183,5 Musical notation construction and final representation,cited,In another line of work the key and time signatures supply global information that is used to detect and correct recognition errors.,,cited work,"Ng and colleagues [65, 67, 68]","Precedent for a check that corrects, not only flags.","desk (Fable), PDF text layer, 2026-10-01",
R12-030,Rebelo_A et al (2012) - Optical Music Recognition State-of-the-Art and Open Issues - IJMIR 001_03 173-190.pdf,Rebelo et al. 2012,184,5 Musical notation construction and final representation,cited,One proposed architecture lets the interpretation stage feed back to the recognition stage; no practical results were known for it.,,cited work,[33],Feedback is an old idea with little demonstrated practice by 2012. A caution against over-building it.,"desk (Fable), PDF text layer, 2026-10-01",
R12-031,Rebelo_A et al (2012) - Optical Music Recognition State-of-the-Art and Open Issues - IJMIR 001_03 173-190.pdf,Rebelo et al. 2012,184,5.1 Summary,finding,"OMR systems of the time did not adapt or improve through use, and most failed when the input was highly degraded, such as photocopies or low-quality paper.",,survey authors' assessment,,Degraded photocopies are where the field itself reports failure. The plan's hardening phase should be sized with that in mind.,"desk (Fable), PDF text layer, 2026-10-01",
R12-032,Rebelo_A et al (2012) - Optical Music Recognition State-of-the-Art and Open Issues - IJMIR 001_03 173-190.pdf,Rebelo et al. 2012,185,6 Available datasets and performance evaluation,method-limit,Vendors claimed about 90 percent recognition accuracy; the authors call this unreliable because neither the scores used nor the method of estimation is stated.,,survey authors' assessment,"[6, 51]",Vendor accuracy claims are not evidence. Our gates need a stated test set and a stated measure.,"desk (Fable), PDF text layer, 2026-10-01",
R12-033,Rebelo_A et al (2012) - Optical Music Recognition State-of-the-Art and Open Issues - IJMIR 001_03 173-190.pdf,Rebelo et al. 2012,185,6 Available datasets and performance evaluation,cited,"What 'recognition' means depends on the goal, which blocks a common yardstick; proposals call for a standard dataset, a defined set of rules and metrics, and separate ratios for each kind of error.",,cited work,Bellini et al. [6]; Jones et al. [51],"Supports scoring in the facts a singer needs (bars, pitch, length, syllable under note), with a ratio per kind of error.","desk (Fable), PDF text layer, 2026-10-01",
R12-034,Rebelo_A et al (2012) - Optical Music Recognition State-of-the-Art and Open Issues - IJMIR 001_03 173-190.pdf,Rebelo et al. 2012,185,6 Available datasets and performance evaluation,cited,"Comparing MusicXML files is one evaluation strategy, but the same score can be correctly written as different MusicXML, which makes one-to-one comparison difficult.",,cited work,Szwoch [97],"The scorer must compare musical facts, not file text.","desk (Fable), PDF text layer, 2026-10-01",
R12-035,Rebelo_A et al (2012) - Optical Music Recognition State-of-the-Art and Open Issues - IJMIR 001_03 173-190.pdf,Rebelo et al. 2012,187,7.1.3 Music symbols segmentation and recognition,cited,"Global constraints can reduce missing, confused, and falsely detected symbols, for example by asking whether the detected durations in each bar add up to the time signature.",,cited work,Rebelo et al. 2011 [84],"Direct support for bar arithmetic as evidence (plan section 8, departure 3).","desk (Fable), PDF text layer, 2026-10-01",
R12-036,Rebelo_A et al (2012) - Optical Music Recognition State-of-the-Art and Open Issues - IJMIR 001_03 173-190.pdf,Rebelo et al. 2012,187,7.1.3 Music symbols segmentation and recognition,finding,"A fully automatic, robust system for handwritten scores seems hard to achieve, so interactive OMR, with the user in the process, may be the realistic and practical solution; learning from expert users' corrections has been proposed.",,survey authors' assessment,MacMillan et al. [59]; Fujinaga [40],"Said of handwritten music, but it is the same design as the singer's one tap, and it suggests keeping each correction as a labelled example.","desk (Fable), PDF text layer, 2026-10-01",
