song,kind,truthBar,readerBar,placed,truthMidi,truthDur,readMidi,readStep,readOctave,readAlter,readType,readDots,readWritten,readRest,page,pageMeasure,imgpos
tch,pitch wrong,35,35,reader event,62,1/8,63,D,4,1,eighth,0,1/8,False,tch-2,9,"(3250, 642)"
tch,pitch wrong,67,67,reader event,67,1/8,68,G,4,1,eighth,0,1/8,False,tch-3,6,"(2267, 506)"
sun1,length wrong,16,16,reader event,52,3/8,64,E,4,0,half,0,1/2,False,sun-02,8,"(2038, 3386)"
sun1,length wrong,16,16,reader event,52,3/8,64,E,4,0,half,0,1/2,False,sun-02,8,"(2186, 3441)"
sun5,rest length,0,0,reader event,,1/12,,,,,eighth,0,1/8,True,sun-05,1,"(1745, 760)"
sun5,length wrong,0,0,reader event,51,1/6,63,D,4,1,quarter,0,1/4,False,sun-05,1,"(1857, 730)"
sun5,pitch wrong,1,1,reader event,50,1/4,60,C,4,0,quarter,0,1/4,False,sun-05,2,"(2116, 838)"
sun5,pitch wrong,1,1,reader event,50,1/8,60,C,4,0,eighth,0,1/8,False,sun-05,2,"(2485, 839)"
sun5,extra,,4,reader event,,,,,,,half,0,1/2,True,sun-05,5,"(463, 3289)"
sun5,extra,,4,reader event,,,,,,,quarter,0,1/4,True,sun-05,5,"(876, 3298)"
sun5,extra,,4,reader event,,,,,,,eighth,0,1/8,True,sun-05,5,"(1095, 3304)"
sun5,extra,,4,reader event,,,63,E,4,-1,eighth,0,1/8,False,sun-05,5,"(1213, 3328)"
sun5,extra,,5,reader event,,,62,D,4,0,quarter,0,1/4,False,sun-05,6,"(1465, 3324)"
sun5,extra,,5,reader event,,,62,D,4,0,quarter,0,1/4,False,sun-05,6,"(1752, 3299)"
sun5,extra,,5,reader event,,,62,D,4,0,quarter,0,1/4,False,sun-05,6,"(1967, 3314)"
sun5,extra,,5,reader event,,,62,D,4,0,quarter,0,1/6,False,sun-05,6,"(2169, 3305)"
sun5,extra,,5,reader event,,,62,D,4,0,eighth,0,1/12,False,sun-05,6,"(2296, 3325)"
sun5,extra,,6,reader event,,,64,E,4,0,quarter,0,1/4,False,sun-05,7,"(2499, 3290)"
sun5,extra,,6,reader event,,,64,E,4,0,eighth,0,1/8,False,sun-05,7,"(2770, 3319)"
sun5,extra,,6,reader event,,,,,,,eighth,0,1/8,True,sun-05,7,"(2877, 3298)"
sun5,extra,,6,reader event,,,,,,,quarter,0,1/4,True,sun-05,7,"(3040, 3279)"
sun5,extra,,6,reader event,,,,,,,eighth,0,1/8,True,sun-05,7,"(3253, 3288)"
sun5,extra,,6,reader event,,,64,E,4,0,eighth,0,1/8,False,sun-05,7,"(3383, 3306)"
sun5,extra,,7,reader event,,,67,G,4,0,eighth,1,3/16,False,sun-05,8,"(434, 3999)"
sun5,extra,,7,reader event,,,67,G,4,0,16th,0,1/16,False,sun-05,8,"(514, 3990)"
sun5,extra,,7,reader event,,,66,F,4,1,eighth,1,3/16,False,sun-05,8,"(570, 4030)"
sun5,extra,,7,reader event,,,64,E,4,0,16th,0,1/16,False,sun-05,8,"(686, 4019)"
sun5,extra,,7,reader event,,,67,G,4,0,quarter,1,3/8,False,sun-05,8,"(776, 4008)"
sun5,extra,,7,reader event,,,67,G,4,0,eighth,0,1/8,False,sun-05,8,"(991, 4005)"
sun5,extra,,8,reader event,,,66,F,4,1,eighth,0,1/8,False,sun-05,9,"(1156, 4029)"
sun5,extra,,8,reader event,,,66,F,4,1,eighth,0,1/8,False,sun-05,9,"(1312, 3992)"
sun5,extra,,8,reader event,,,65,E,4,1,16th,0,1/16,False,sun-05,9,"(1410, 4022)"
sun5,extra,,8,reader event,,,66,F,4,1,16th,0,1/16,False,sun-05,9,"(1474, 4028)"
sun5,extra,,8,reader event,,,63,D,4,1,quarter,1,3/8,False,sun-05,9,"(1639, 4025)"
sun5,extra,,8,reader event,,,63,D,4,1,eighth,0,1/8,False,sun-05,9,"(1887, 4021)"
sun5,extra,,9,reader event,,,67,G,4,0,whole,0,1,False,sun-05,10,"(2052, 4004)"
sun5,extra,,10,reader event,,,67,G,4,0,quarter,0,1/4,False,sun-05,11,"(2406, 4014)"
sun5,extra,,10,reader event,,,67,G,4,0,quarter,0,1/4,False,sun-05,11,"(2550, 4009)"
sun5,extra,,10,reader event,,,67,G,4,0,quarter,0,1/4,False,sun-05,11,"(2612, 3995)"
sun5,extra,,11,reader event,,,69,A,4,0,half,0,1/2,False,sun-05,12,"(2857, 4003)"
sun5,extra,,11,reader event,,,68,G,4,1,quarter,0,1/4,False,sun-05,12,"(3146, 4029)"
sun5,extra,,11,reader event,,,,,,,quarter,0,1/4,True,sun-05,12,"(3227, 4038)"
sun5,pitch wrong,14,22,reader event,55,1/8,68,G,4,1,eighth,0,1/8,False,sun-07,4,"(2368, 1650)"
sun5,pitch wrong,22,30,reader event,60,1/8,73,C,5,1,eighth,0,1/8,False,sun-08,6,"(2468, 3414)"
sun5,pitch wrong,26,34,reader event,50,1/8,60,C,4,0,eighth,0,1/8,False,sun-09,3,"(2948, 531)"
sun5,pitch wrong,29,37,reader event,57,1/8,67,G,4,0,eighth,0,1/8,False,sun-09,6,"(2968, 1948)"
sun5,pitch wrong,33,41,reader event,55,1/8,68,G,4,1,eighth,0,1/8,False,sun-10,2,"(1675, 410)"
sun5,missing,42,50,by truth bar,,1/8,,,,,,,,,sun-10,11,
sun5,length wrong,42,50,reader event,58,1/8,70,A,4,1,quarter,0,1/4,False,sun-10,11,"(3364, 3760)"
sun5,pitch wrong,51,59,reader event,52,1/8,65,E,4,1,eighth,0,1/8,False,sun-11,9,"(2489, 1468)"
sun5,extra,,64,reader event,,,76,E,5,0,quarter,1,3/8,False,sun-11,14,"(2819, 2380)"
sun6,pitch wrong,20,20,reader event,55,1/8,65,F,4,0,eighth,0,1/8,False,sun-14,2,"(1929, 434)"
sun6,pitch wrong,21,21,reader event,57,1/4,68,G,4,1,quarter,0,1/4,False,sun-14,3,"(2955, 432)"
sun6,pitch wrong,22,22,reader event,57,1/4,68,G,4,1,quarter,0,1/4,False,sun-14,4,"(1042, 1454)"
sun6,pitch wrong,35,35,reader event,59,1/4,72,B,4,1,quarter,0,1/4,False,sun-15,7,"(1702, 3708)"
sun6,pitch wrong,43,43,reader event,57,1/4,68,G,4,1,quarter,0,1/4,False,sun-16,7,"(1329, 3649)"
