bar,readerBar,page,pageMeasure,metre,full,sum,durSum,sumsDiffer,events,status,why,cases,perVoice,restSum,restKind,content,differences,differenceKinds
1,0,sun-12,1,4/4,1,0,0,False,0,pass,empty: voice silent,first bar;empty bar,,1,single whole rest,,0,
2,1,sun-12,2,4/4,1,1,1,False,3,pass,full,,,,,C4#:half D4#:quarter E4#:quarter,0,
3,2,sun-12,3,4/4,1,1,1,False,3,pass,full,,,,,F4#:half D4#:quarter F4#:quarter,0,
4,3,sun-12,4,4/4,1,1,1,False,3,pass,full,,,,,G4#:half A4:quarter G4#:quarter,0,
5,4,sun-12,5,4/4,1,1,1,False,4,pass,full,,,,,C5#:quarter. F4#:eighth F4#:quarter r:quarter,0,
6,5,sun-12,6,4/4,1,1,1,False,3,pass,full,,,,,A4:half E4:quarter F4#:quarter,0,
7,6,sun-12,7,4/4,1,1,1,False,4,pass,full,,,,,A4:half E4:eighth r:eighth F4#:quarter,0,
8,7,sun-12,8,4/4,1,1,1,False,3,pass,full,,,,,G4#:half D4#:quarter E4#:quarter,0,
9,8,sun-12,9,4/4,1,1,1,False,4,pass,full,,,,,G4#:quarter. E4#:eighth E4#:quarter r:quarter,0,
10,9,sun-13,1,4/4,1,1,1,False,5,pass,full,,,,,A4:half E4:eighth F4#:eighth E4:eighth C4#:eighth,0,
11,10,sun-13,2,4/4,1,1,1,False,5,pass,full,,,,,G4#:quarter A4#:quarter E4#:eighth r:eighth G4#:quarter,0,
12,11,sun-13,3,4/4,1,1,1,False,5,pass,full,,,,,A4:half E4:eighth F4#:eighth E4:eighth C4#:eighth,0,
13,12,sun-13,4,4/4,1,1,1,False,5,pass,full,,,,,G4#:quarter A4#:eighth E4#:eighth E4#:quarter r:quarter,0,
14,13,sun-13,5,4/4,1,1,1,False,3,pass,full,,,,,F4#:half E4:quarter D4:quarter,0,
15,14,sun-13,6,4/4,1,1,1,False,3,pass,full,,,,,F4#:half E4:quarter D4:quarter,0,
16,15,sun-13,7,4/4,1,1,1,False,4,pass,full,,,,,C4#:quarter C5#:quarter A4:quarter E4#:quarter,0,
17,16,sun-13,8,4/4,1,1,1,False,4,pass,full,,,,,C4#:quarter. D4#:eighth E4#:quarter r:quarter,0,
18,17,sun-13,9,4/4,1,1,1,False,4,pass,full,,,,,C5#:half B4#:eighth r:eighth E4#:quarter,0,
19,18,sun-13,10,4/4,1,1,1,False,5,pass,full,,,,,G4#:half C4#:eighth r:eighth E4#:eighth G4#:eighth,0,
20,19,sun-14,1,4/4,1,1,1,False,5,pass,full,,,,,C5#:half B4#:eighth C5#:eighth B4#:eighth E4#:eighth,0,
21,20,sun-14,2,4/4,1,1,1,False,5,pass,full,,,,,A4#:quarter G4#:eighth F4:eighth E4#:quarter r:quarter,1,pitch wrong
22,21,sun-14,3,4/4,1,1,1,False,3,pass,full,,,,,F4#:half G4#:quarter A4#:quarter,1,pitch wrong
23,22,sun-14,4,4/4,1,1,1,False,3,pass,full,,,,,A4#:half G4#:quarter G4#:quarter,1,pitch wrong
24,23,sun-14,5,4/4,1,1,1,False,4,pass,full,,,,,B4:quarter C5#:quarter A4:quarter E4#:quarter,0,
25,24,sun-14,6,4/4,1,1,1,False,4,pass,full,,,,,G4#:quarter. E4#:eighth E4#:quarter r:quarter,0,
26,25,sun-14,7,4/4,1,1,1,False,3,pass,full,,,,,B4:half A4:quarter F4#:quarter,0,
27,26,sun-14,8,4/4,1,1,1,False,4,pass,full,,,,,A4:half G4#:eighth r:eighth C5#:quarter,0,
28,27,sun-14,9,4/4,1,1,1,False,3,pass,full,,,,,D5:half B4#:quarter A4:quarter,0,
29,28,sun-14,10,4/4,1,1,1,False,4,pass,full,,,,,B4#:quarter. A4:eighth G4#:quarter r:quarter,0,
30,29,sun-15,1,4/4,1,1,1,False,5,pass,full,,,,,D4#:quarter F4#:quarter A4:quarter E4#:eighth G4#:eighth,0,
31,30,sun-15,2,4/4,1,1,1,False,4,pass,full,,,,,B4:quarter. E4#:eighth E4#:quarter r:quarter,0,
32,31,sun-15,3,4/4,1,1,1,False,3,pass,full,,,,,C5#:half A4:quarter E4#:quarter,0,
33,32,sun-15,4,4/4,1,1,1,False,4,pass,full,,,,,G4#:quarter. C4#:eighth C4#:quarter r:quarter,0,
34,33,sun-15,5,4/4,1,1,1,False,4,pass,full,,,,,F4#:half D4#:quarter r:eighth F4#:eighth,0,
35,34,sun-15,6,4/4,1,1,1,False,5,pass,full,,,,,A4:half F4#:eighth r:eighth r:eighth F4#:eighth,0,
36,35,sun-15,7,4/4,1,1,1,False,3,pass,full,,,,,B4:half G4#:quarter B4#:quarter,1,pitch wrong
37,36,sun-15,8,4/4,1,1,1,False,4,pass,full,,,,,A4#:quarter. D4#:eighth D4#:quarter r:quarter,0,
38,37,sun-16,1,4/4,1,1,1,False,4,pass,full,,,,,r:half A4:quarter E4#:eighth G4#:eighth,0,
39,38,sun-16,2,4/4,1,1,1,False,4,pass,full,,,,,B4:quarter. G4#:eighth G4#:quarter r:quarter,0,
40,39,sun-16,3,4/4,1,1,1,False,3,pass,full,,,,,C5#:half A4:quarter E4#:quarter,0,
41,40,sun-16,4,4/4,1,1,1,False,4,pass,full,,,,,G4#:quarter. E4#:eighth E4#:quarter r:quarter,0,
42,41,sun-16,5,4/4,1,1,1,False,4,pass,full,,,,,r:half A4:quarter E4#:eighth G4#:eighth,0,
43,42,sun-16,6,4/4,1,1,1,False,4,pass,full,,,,,B4:quarter r:quarter B4#:quarter. C5#:eighth,0,
44,43,sun-16,7,4/4,1,1,1,False,3,pass,full,,,,,C5#:half G4#:quarter E4#:quarter,1,pitch wrong
45,44,sun-16,8,4/4,1,1,1,False,4,pass,full,,,,,C4#:quarter. D4#:eighth E4#:quarter r:quarter,0,
46,45,sun-17,1,4/4,1,1,1,False,5,pass,full,,,,,D4#:quarter F4#:quarter A4:quarter E4#:eighth G4#:eighth,0,
47,46,sun-17,2,4/4,1,1,1,False,5,pass,full,,,,,B4:quarter B4:eighth r:eighth B4#:quarter C5#:quarter,0,
48,47,sun-17,3,4/4,1,1,1,False,3,pass,full,,,,,A4:half E4#:quarter D4:quarter,0,
49,48,sun-17,4,4/4,1,1,1,False,4,pass,full,,,,,C4#:quarter. C4#:eighth C4#:quarter r:quarter,0,
50,49,sun-17,5,4/4,1,0,0,False,0,pass,empty: voice silent,empty bar,,1,single whole rest,,0,
51,50,sun-17,6,4/4,1,0,0,False,0,pass,empty: voice silent,empty bar,,1,single whole rest,,0,
52,51,sun-17,7,4/4,1,0,0,False,0,pass,empty: voice silent,empty bar,,1,single whole rest,,0,
53,52,sun-17,8,4/4,1,0,0,False,0,pass,empty: voice silent,empty bar,,1,single whole rest,,0,
54,53,sun-17,9,4/4,1,0,0,False,0,pass,empty: voice silent,empty bar,,1,single whole rest,,0,
55,54,sun-17,10,4/4,1,0,0,False,0,pass,empty: voice silent,last bar;empty bar,,1,single whole rest,,0,
