song,page,source,part,staves,system,firstMeasure,key,stated,truthKey,misread,statedMidSystem,rule_i,rule_i_samepage,rule_ii_voice,rule_ii_system,rule_iii
tch,tch-1,desktop main,1,1,1,1,2,[2],2,False,,False,False,False,False,False
tch,tch-1,desktop main,1,1,2,10,2,[],2,False,,False,False,False,False,False
tch,tch-1,desktop main,1,1,3,19,2,[],2,False,,False,False,False,False,False
tch,tch-1,desktop main,2,2,1,1,2,[2],2,False,,False,False,False,False,False
tch,tch-1,desktop main,2,2,2,10,2,[],2,False,,False,False,False,False,False
tch,tch-1,desktop main,2,2,3,19,2,[],2,False,,False,False,False,False,False
tch,tch-2,port,1,1,1,1,2,[2],2,False,,False,False,False,False,False
tch,tch-2,port,1,1,2,10,2,[],2,False,,False,False,False,False,False
tch,tch-2,port,1,1,3,18,2,[],2,False,,False,False,False,False,False
tch,tch-2,port,1,1,4,27,2,[],2,False,,False,False,False,False,False
tch,tch-2,port,2,2,1,1,2,[2],2,False,,False,False,False,False,False
tch,tch-2,port,2,2,2,10,2,[],2,False,,False,False,False,False,False
tch,tch-2,port,2,2,3,18,2,[],2,False,,False,False,False,False,False
tch,tch-2,port,2,2,4,27,2,[],2,False,,False,False,False,False,False
tch,tch-3,port,1,1,1,1,3,[3],2,True,,True,True,True,True,True
tch,tch-3,port,1,1,2,9,2,[2],2,False,,False,False,False,False,False
tch,tch-3,port,1,1,3,18,2,[],2,False,,False,False,False,False,False
tch,tch-3,port,1,1,4,27,2,[],2,False,,False,False,False,False,False
tch,tch-3,port,2,2,1,1,2,[2],2,False,,False,False,False,True,False
tch,tch-3,port,2,2,2,9,2,[],2,False,,False,False,False,False,False
tch,tch-3,port,2,2,3,18,2,[],2,False,,False,False,False,False,False
tch,tch-3,port,2,2,4,27,2,[],2,False,,False,False,False,False,False
sun1,sun-01,port,1,1,1,1,2,[2],2,False,,False,False,False,False,False
sun1,sun-01,port,1,1,2,4,2,[],2,False,,False,False,False,False,False
sun1,sun-01,port,1,1,3,7,2,[],2,False,,False,False,False,False,False
sun1,sun-01,port,2,2,1,1,2,[2],2,False,,False,False,False,False,False
sun1,sun-01,port,2,2,2,4,2,[],2,False,,False,False,False,False,False
sun1,sun-01,port,2,2,3,7,2,[],2,False,,False,False,False,False,False
sun1,sun-02,port,1,1,1,1,2,[2],2,False,,False,False,False,False,False
sun1,sun-02,port,1,1,2,4,2,[],2,False,,False,False,False,False,False
sun1,sun-02,port,1,1,3,7,2,[],2,False,,False,False,False,False,False
sun1,sun-02,port,2,2,1,1,2,[2],2,False,,False,False,False,False,False
sun1,sun-02,port,2,2,2,4,2,[],2,False,,False,False,False,False,False
sun1,sun-02,port,2,2,3,7,2,[],2,False,,False,False,False,False,False
sun4,sun-03,port,1,1,1,1,2,[2],2,False,,False,False,False,False,False
sun4,sun-03,port,1,1,2,5,2,[],2,False,,False,False,False,False,False
sun4,sun-03,port,1,1,3,9,2,[],2,False,,False,False,False,False,False
sun4,sun-03,port,2,2,1,1,2,[2],2,False,,False,False,False,False,False
sun4,sun-03,port,2,2,2,5,2,[],2,False,,False,False,False,False,False
sun4,sun-03,port,2,2,3,9,2,[],2,False,,False,False,False,False,False
sun4,sun-04,port,1,1,1,1,2,[2],2,False,,False,False,False,False,False
sun4,sun-04,port,1,1,2,5,2,[],2,False,,False,False,False,False,False
sun4,sun-04,port,1,1,3,9,2,[],2,False,,False,False,False,False,False
sun4,sun-04,port,1,1,4,13,2,[],2,False,,False,False,False,False,False
sun4,sun-04,port,2,2,1,1,2,[2],2,False,,False,False,False,False,False
sun4,sun-04,port,2,2,2,5,2,[],2,False,,False,False,False,False,False
sun4,sun-04,port,2,2,3,9,2,[],2,False,,False,False,False,False,False
sun4,sun-04,port,2,2,4,13,2,[],2,False,,False,False,False,False,False
sun5,sun-05,port,1,1,1,1,0,[0],0,False,,False,False,False,False,False
sun5,sun-05,port,1,1,2,3,0,[],0,False,,False,False,False,False,False
sun5,sun-05,port,1,1,3,5,0,[],0,False,,False,False,False,False,False
sun5,sun-05,port,1,1,4,8,0,[],0,False,,False,False,False,False,False
sun5,sun-05,port,2,2,1,1,0,[0],0,False,,False,False,False,False,False
sun5,sun-05,port,2,2,2,3,0,[],0,False,,False,False,False,False,False
sun5,sun-05,port,2,2,3,5,0,[],0,False,,False,False,False,False,False
sun5,sun-05,port,2,2,4,8,0,[],0,False,,False,False,False,False,False
sun5,sun-06,port,1,1,1,1,0,[0],0,False,,False,False,False,False,False
sun5,sun-06,port,1,1,2,4,0,[],0,False,,False,False,False,False,False
sun5,sun-06,port,1,1,3,5,0,[],0,False,,False,False,False,False,False
sun5,sun-06,port,1,1,4,6,0,[],0,False,,False,False,False,False,False
sun5,sun-06,port,2,2,1,1,0,[0],0,False,,False,False,False,False,False
sun5,sun-06,port,2,2,2,4,0,[],0,False,,False,False,False,False,False
sun5,sun-06,port,2,2,3,5,0,[],0,False,,False,False,False,False,False
sun5,sun-06,port,2,2,4,6,0,[],0,False,,False,False,False,False,False
sun5,sun-07,port,1,1,1,1,0,[0],0,False,,False,False,False,False,False
sun5,sun-07,port,1,1,2,3,0,[],0,False,,False,False,False,False,False
sun5,sun-07,port,1,1,3,5,0,[],0,False,,False,False,False,False,False
sun5,sun-07,port,2,2,1,1,0,[0],0,False,,False,False,False,False,False
sun5,sun-07,port,2,2,2,3,0,[],0,False,,False,False,False,False,False
sun5,sun-07,port,2,2,3,5,0,[],0,False,,False,False,False,False,False
sun5,sun-08,port,1,1,1,1,0,[0],0,False,,False,False,False,False,False
sun5,sun-08,port,1,1,2,3,0,[],0,False,,False,False,False,False,False
sun5,sun-08,port,1,1,3,5,0,[],0,False,,False,False,False,False,False
sun5,sun-08,port,2,2,1,1,0,[0],0,False,,False,False,False,False,False
sun5,sun-08,port,2,2,2,3,0,[],0,False,,False,False,False,False,False
sun5,sun-08,port,2,2,3,5,0,[],0,False,,False,False,False,False,False
sun5,sun-09,port,1,1,1,1,0,[0],0,False,,False,False,False,False,False
sun5,sun-09,port,1,1,2,4,0,[],0,False,,False,False,False,False,False
sun5,sun-09,port,1,1,3,7,0,[],0,False,,False,False,False,False,False
sun5,sun-09,port,2,2,1,1,0,[0],0,False,,False,False,False,False,False
sun5,sun-09,port,2,2,2,4,0,[],0,False,,False,False,False,False,False
sun5,sun-09,port,2,2,3,7,0,[],0,False,,False,False,False,False,False
sun5,sun-10,port,1,1,1,1,0,[0],0,False,,False,False,False,False,False
sun5,sun-10,port,1,1,2,4,0,[],0,False,,False,False,False,False,False
sun5,sun-10,port,1,1,3,6,0,[],0,False,,False,False,False,False,False
sun5,sun-10,port,1,1,4,9,0,[],0,False,,False,False,False,False,False
sun5,sun-10,port,2,2,1,1,0,[0],0,False,,False,False,False,False,False
sun5,sun-10,port,2,2,2,4,0,[],0,False,,False,False,False,False,False
sun5,sun-10,port,2,2,3,6,0,[],0,False,,False,False,False,False,False
sun5,sun-10,port,2,2,4,9,0,[],0,False,,False,False,False,False,False
sun5,sun-11,port,1,1,1,1,0,[0],0,False,,False,False,False,False,False
sun5,sun-11,port,1,1,2,6,0,[],0,False,,False,False,False,False,False
sun5,sun-11,port,1,1,3,11,0,[],0,False,,False,False,False,False,False
sun5,sun-11,port,1,1,4,15,0,[],0,False,,False,False,False,False,False
sun5,sun-11,port,2,2,1,1,0,[0],0,False,,False,False,False,False,False
sun5,sun-11,port,2,2,2,6,0,[],0,False,,False,False,False,False,False
sun5,sun-11,port,2,2,3,11,0,[],0,False,,False,False,False,False,False
sun5,sun-11,port,2,2,4,15,0,[],0,False,,False,False,False,False,False
sun6,sun-12,port,1,1,1,1,7,[7],7,False,,False,False,True,True,False
sun6,sun-12,port,1,1,2,4,7,[],7,False,,False,False,False,False,False
sun6,sun-12,port,1,1,3,7,7,[],7,False,,False,False,True,True,False
sun6,sun-12,port,2,2,1,1,5,[5],7,True,,False,False,False,True,True
sun6,sun-12,port,2,2,2,4,7,[7],7,False,,False,False,False,False,False
sun6,sun-12,port,2,2,3,7,5,[5],7,True,,False,False,False,True,True
sun6,sun-13,port,1,1,1,1,7,[7],7,False,,False,False,False,False,False
sun6,sun-13,port,1,1,2,3,7,[],7,False,,False,False,False,False,False
sun6,sun-13,port,1,1,3,5,7,[],7,False,,False,False,False,False,False
sun6,sun-13,port,1,1,4,8,7,[],7,False,,False,False,False,False,False
sun6,sun-13,port,2,2,1,1,7,[7],7,False,,True,False,False,False,False
sun6,sun-13,port,2,2,2,3,7,[],7,False,,True,False,False,False,False
sun6,sun-13,port,2,2,3,5,7,[],7,False,,True,False,False,False,False
sun6,sun-13,port,2,2,4,8,7,[],7,False,,True,False,False,False,False
sun6,sun-14,port,1,1,1,1,7,[7],7,False,,False,False,False,False,False
sun6,sun-14,port,1,1,2,4,7,[],7,False,,False,False,False,False,False
sun6,sun-14,port,1,1,3,7,7,[],7,False,,False,False,False,False,False
sun6,sun-14,port,1,1,4,9,7,[],7,False,,False,False,False,False,False
sun6,sun-14,port,2,2,1,1,7,[7],7,False,,True,False,False,False,False
sun6,sun-14,port,2,2,2,4,7,[],7,False,,True,False,False,False,False
sun6,sun-14,port,2,2,3,7,7,[],7,False,,True,False,False,False,False
sun6,sun-14,port,2,2,4,9,7,[],7,False,,True,False,False,False,False
sun6,sun-15,port,1,1,1,1,7,[7],7,False,,False,False,False,False,False
sun6,sun-15,port,1,1,2,3,7,[],7,False,,False,False,False,False,False
sun6,sun-15,port,1,1,3,5,7,[],7,False,,False,False,False,False,False
sun6,sun-15,port,1,1,4,7,7,[],7,False,,False,False,False,False,False
sun6,sun-15,port,2,2,1,1,7,[7],7,False,,True,False,False,False,False
sun6,sun-15,port,2,2,2,3,7,[],7,False,,True,False,False,False,False
sun6,sun-15,port,2,2,3,5,7,[],7,False,,True,False,False,False,False
sun6,sun-15,port,2,2,4,7,7,[],7,False,,True,False,False,False,False
sun6,sun-16,port,1,1,1,1,7,[7],7,False,,False,False,False,False,False
sun6,sun-16,port,1,1,2,3,7,[],7,False,,False,False,False,False,False
sun6,sun-16,port,1,1,3,5,7,[],7,False,,False,False,False,False,False
sun6,sun-16,port,1,1,4,7,7,[],7,False,,False,False,False,False,False
sun6,sun-16,port,2,2,1,1,7,[7],7,False,,True,False,False,False,False
sun6,sun-16,port,2,2,2,3,7,[],7,False,,True,False,False,False,False
sun6,sun-16,port,2,2,3,5,7,[],7,False,,True,False,False,False,False
sun6,sun-16,port,2,2,4,7,7,[],7,False,,True,False,False,False,False
sun6,sun-17,port,1,1,1,1,7,[7],7,False,,False,False,False,False,False
sun6,sun-17,port,1,1,2,4,7,[],7,False,,False,False,False,False,False
sun6,sun-17,port,1,1,3,7,7,[],7,False,,False,False,True,True,False
sun6,sun-17,port,2,2,1,1,7,[7],7,False,,True,False,False,False,False
sun6,sun-17,port,2,2,2,4,7,[],7,False,,True,False,False,False,False
sun6,sun-17,port,2,2,3,7,5,[5],7,True,,False,False,False,True,True
