song,page,part,measure,stated,statedLength,truthBarLengths
tch,tch-1,1,1,1/4,1/4,"{""3/8"": 99}"
tch,tch-1,1,1,3/8,3/8,"{""3/8"": 99}"
tch,tch-1,2,1,1/4,1/4,"{""3/8"": 99}"
tch,tch-1,2,1,3/8,3/8,"{""3/8"": 99}"
tch,tch-2,1,1,1/4,1/4,"{""3/8"": 99}"
tch,tch-2,2,1,1/4,1/4,"{""3/8"": 99}"
tch,tch-3,1,1,1/4,1/4,"{""3/8"": 99}"
tch,tch-3,2,1,1/4,1/4,"{""3/8"": 99}"
sun1,sun-01,1,1,6/4,3/2,"{""3/2"": 18}"
sun1,sun-01,1,1,6/4,3/2,"{""3/2"": 18}"
sun1,sun-01,2,1,6/4,3/2,"{""3/2"": 18}"
sun1,sun-01,2,1,6/4,3/2,"{""3/2"": 18}"
sun1,sun-02,1,1,6/4,3/2,"{""3/2"": 18}"
sun1,sun-02,2,1,6/4,3/2,"{""3/2"": 18}"
sun4,sun-03,1,1,4/4,1,"{""1"": 28, ""1/2"": 1}"
sun4,sun-03,1,1,4/4,1,"{""1"": 28, ""1/2"": 1}"
sun4,sun-03,2,1,4/4,1,"{""1"": 28, ""1/2"": 1}"
sun4,sun-03,2,1,4/4,1,"{""1"": 28, ""1/2"": 1}"
sun4,sun-04,1,1,4/4,1,"{""1"": 28, ""1/2"": 1}"
sun4,sun-04,1,10,4/4,1,"{""1"": 28, ""1/2"": 1}"
sun4,sun-04,2,1,4/4,1,"{""1"": 28, ""1/2"": 1}"
sun4,sun-04,2,10,4/4,1,"{""1"": 28, ""1/2"": 1}"
sun5,sun-05,1,1,4/4,1,"{""1"": 61}"
sun5,sun-05,1,1,4/4,1,"{""1"": 61}"
sun5,sun-05,2,1,5/4,5/4,"{""1"": 61}"
sun5,sun-05,2,1,5/4,5/4,"{""1"": 61}"
sun5,sun-06,1,1,4/4,1,"{""1"": 61}"
sun5,sun-06,2,1,6/4,3/2,"{""1"": 61}"
sun5,sun-07,1,1,4/4,1,"{""1"": 61}"
sun5,sun-07,2,1,4/4,1,"{""1"": 61}"
sun5,sun-08,1,1,4/4,1,"{""1"": 61}"
sun5,sun-08,2,1,4/4,1,"{""1"": 61}"
sun5,sun-09,1,1,4/4,1,"{""1"": 61}"
sun5,sun-09,2,1,4/4,1,"{""1"": 61}"
sun5,sun-10,1,1,4/4,1,"{""1"": 61}"
sun5,sun-10,2,1,4/4,1,"{""1"": 61}"
sun5,sun-11,1,1,4/4,1,"{""1"": 61}"
sun5,sun-11,2,1,4/4,1,"{""1"": 61}"
sun6,sun-12,1,1,4/4,1,"{""1"": 55}"
sun6,sun-12,1,1,4/4,1,"{""1"": 55}"
sun6,sun-12,2,1,6/4,3/2,"{""1"": 55}"
sun6,sun-12,2,1,6/4,3/2,"{""1"": 55}"
sun6,sun-13,1,1,4/4,1,"{""1"": 55}"
sun6,sun-13,2,1,6/4,3/2,"{""1"": 55}"
sun6,sun-14,1,1,4/4,1,"{""1"": 55}"
sun6,sun-14,2,1,6/4,3/2,"{""1"": 55}"
sun6,sun-15,1,1,4/4,1,"{""1"": 55}"
sun6,sun-15,2,1,6/4,3/2,"{""1"": 55}"
sun6,sun-16,1,1,4/4,1,"{""1"": 55}"
sun6,sun-16,2,1,6/4,3/2,"{""1"": 55}"
sun6,sun-16,2,1,6/4,3/2,"{""1"": 55}"
sun6,sun-17,1,1,4/4,1,"{""1"": 55}"
sun6,sun-17,2,1,6/4,3/2,"{""1"": 55}"
