song,bar,page,keyInForce,truthKey,step,octave,alter,readMidi,keyGivesStep,truthKeyGivesStep,truthMidi,pitchAsTruth
tch,63,tch-3,3,2,C,5,1,73,1,1,73,True
tch,63,tch-3,3,2,F,4,1,66,1,1,66,True
tch,64,tch-3,3,2,F,4,1,66,1,1,66,True
tch,65,tch-3,3,2,B,4,0,71,0,0,71,True
tch,65,tch-3,3,2,C,5,1,73,1,1,73,True
tch,65,tch-3,3,2,D,5,0,74,0,0,74,True
tch,66,tch-3,3,2,E,5,0,76,0,0,76,True
tch,66,tch-3,3,2,C,5,1,73,1,1,73,True
tch,66,tch-3,3,2,B,4,0,71,0,0,71,True
tch,67,tch-3,3,2,A,4,0,69,0,0,69,True
tch,67,tch-3,3,2,A,4,0,69,0,0,69,True
tch,68,tch-3,3,2,G,4,1,68,1,0,67,False
tch,68,tch-3,3,2,F,4,1,66,1,1,66,True
tch,68,tch-3,3,2,E,4,0,64,0,0,64,True
tch,69,tch-3,3,2,B,4,0,71,0,0,71,True
tch,69,tch-3,3,2,D,4,0,62,0,0,62,True
tch,69,tch-3,3,2,D,4,0,62,0,0,62,True
