song,bar,page,note,alter,expected,expectedFrom,kind,status,imgpos
tch,36,tch-2,D4,1,0,key,sign against key,right,"(3250, 642)"
tch,40,tch-2,G4,1,0,key,sign against key,false,"(1714, 1611)"
tch,40,tch-2,G4,0,1,carried in bar,natural against key (against earlier note in bar),false,"(1814, 1632)"
tch,53,tch-2,G4,1,0,key,sign against key,false,"(3246, 2616)"
tch,56,tch-2,A4,1,0,key,sign against key,false,"(1353, 3635)"
tch,83,tch-3,D4,1,0,key,sign against key,false,"(1674, 2580)"
tch,87,tch-3,A4,1,0,key,sign against key,false,"(2790, 2508)"
sun1,2,sun-01,B4,-1,0,key,sign against key,false,"(1716, 1019)"
sun1,2,sun-01,F4,0,1,key,natural against key,false,"(1886, 1047)"
sun1,4,sun-01,B4,-1,0,key,sign against key,false,"(530, 2282)"
sun1,5,sun-01,F4,0,1,key,natural against key,false,"(1828, 2293)"
sun1,6,sun-01,A4,-1,0,carried in bar,sign against key (against earlier note in bar),false,"(3244, 2275)"
sun1,7,sun-01,B4,-1,0,key,sign against key,false,"(939, 3607)"
sun1,10,sun-02,B4,-1,0,key,sign against key,false,"(572, 558)"
sun1,10,sun-02,F4,0,1,key,natural against key,false,"(828, 477)"
sun1,11,sun-02,C5,0,1,key,natural against key,false,"(1507, 457)"
sun1,11,sun-02,B4,-1,0,key,sign against key,false,"(1667, 457)"
sun1,11,sun-02,A4,-1,0,key,sign against key,false,"(1962, 475)"
sun1,12,sun-02,B4,-1,0,key,sign against key,false,"(3035, 447)"
sun1,13,sun-02,B4,-1,0,key,sign against key,false,"(995, 1862)"
sun1,14,sun-02,B4,-1,0,key,sign against key,false,"(1559, 1864)"
sun1,15,sun-02,B4,-1,0,key,sign against key,false,"(2555, 1858)"
sun1,16,sun-02,F4,0,1,key,natural against key,false,"(726, 3430)"
sun4,5,sun-03,G4,1,0,key,sign against key,false,"(574, 2335)"
sun4,5,sun-03,D5,1,0,key,sign against key,false,"(808, 2298)"
sun4,6,sun-03,A4,1,0,key,sign against key,false,"(1532, 2311)"
sun4,9,sun-03,A4,1,0,key,sign against key,false,"(860, 3588)"
sun4,12,sun-03,G4,1,0,key,sign against key,false,"(3114, 3594)"
sun4,13,sun-04,G4,1,0,key,sign against key,false,"(713, 364)"
sun4,13,sun-04,G4,0,1,carried in bar,natural against key (against earlier note in bar),false,"(1167, 386)"
sun4,14,sun-04,G4,1,0,key,sign against key,false,"(1660, 371)"
sun4,15,sun-04,D4,1,0,key,sign against key,false,"(2288, 450)"
sun4,15,sun-04,A4,1,0,key,sign against key,false,"(2392, 363)"
sun4,16,sun-04,C5,0,1,key,natural against key,false,"(2841, 338)"
sun4,17,sun-04,C5,0,1,key,natural against key,false,"(559, 1539)"
sun4,18,sun-04,D4,1,0,key,sign against key,false,"(1538, 1624)"
sun4,18,sun-04,A4,1,0,key,sign against key,false,"(1672, 1546)"
sun4,19,sun-04,A4,1,0,key,sign against key,false,"(2457, 1511)"
sun4,23,sun-04,C5,0,1,key,natural against key,false,"(2056, 2640)"
sun4,24,sun-04,A4,1,0,key,sign against key,false,"(3351, 2669)"
sun4,25,sun-04,A4,1,0,key,sign against key,false,"(661, 3703)"
sun4,26,sun-04,C5,0,1,key,natural against key,false,"(1597, 3687)"
sun4,27,sun-04,D4,1,0,key,sign against key,false,"(2222, 3767)"
sun5,1,sun-05,D4,1,0,key,sign against key,false,"(1857, 730)"
sun5,4,sun-05,G4,1,0,key,sign against key,false,"(2475, 1975)"
sun5,4,sun-05,D4,1,0,key,sign against key,false,"(2625, 2014)"
sun5,4,sun-05,E4,1,0,carried in bar,sign against key (against earlier note in bar),false,"(2929, 2004)"
sun5,5,sun-05,E4,-1,0,key,sign against key,unmatched (extra note),"(1213, 3328)"
sun5,8,sun-05,F4,1,0,key,sign against key,unmatched (extra note),"(570, 4030)"
sun5,9,sun-05,F4,1,0,key,sign against key,unmatched (extra note),"(1156, 4029)"
sun5,9,sun-05,E4,1,0,key,sign against key,unmatched (extra note),"(1410, 4022)"
sun5,9,sun-05,D4,1,0,key,sign against key,unmatched (extra note),"(1639, 4025)"
sun5,12,sun-05,G4,1,0,key,sign against key,unmatched (extra note),"(3146, 4029)"
sun5,13,sun-06,F4,1,0,key,sign against key,false,"(492, 386)"
sun5,13,sun-06,E4,1,0,key,sign against key,false,"(764, 380)"
sun5,13,sun-06,D4,1,0,key,sign against key,false,"(889, 406)"
sun5,14,sun-06,G4,1,0,key,sign against key,false,"(1560, 343)"
sun5,15,sun-06,F4,1,0,key,sign against key,false,"(2979, 378)"
sun5,15,sun-06,C4,1,0,key,sign against key,false,"(3355, 404)"
sun5,16,sun-06,E4,1,0,key,sign against key,false,"(527, 1531)"
sun5,16,sun-06,G4,1,0,key,sign against key,false,"(1644, 1483)"
sun5,16,sun-06,G4,0,1,carried in bar,natural against key (against earlier note in bar),false,"(2140, 1482)"
sun5,16,sun-06,E4,0,1,carried in bar,natural against key (against earlier note in bar),false,"(2770, 1512)"
sun5,17,sun-06,G4,1,0,key,sign against key,false,"(1053, 2631)"
sun5,17,sun-06,C5,1,0,key,sign against key,false,"(1979, 2602)"
sun5,18,sun-06,G4,1,0,key,sign against key,false,"(522, 3772)"
sun5,18,sun-06,C4,1,0,key,sign against key,false,"(1922, 3833)"
sun5,19,sun-06,G4,1,0,key,sign against key,false,"(2185, 3761)"
sun5,19,sun-06,C5,1,0,key,sign against key,false,"(3358, 3743)"
sun5,20,sun-07,F4,1,0,key,sign against key,false,"(599, 442)"
sun5,20,sun-07,E4,1,0,key,sign against key,false,"(799, 419)"
sun5,20,sun-07,C5,1,0,key,sign against key,false,"(1698, 410)"
sun5,21,sun-07,C4,1,0,key,sign against key,false,"(2140, 497)"
sun5,21,sun-07,F4,1,0,key,sign against key,false,"(3076, 433)"
sun5,22,sun-07,F4,1,0,key,sign against key,false,"(613, 1663)"
sun5,22,sun-07,E4,1,0,key,sign against key,false,"(788, 1678)"
sun5,22,sun-07,C5,1,0,key,sign against key,false,"(1727, 1639)"
sun5,23,sun-07,G4,1,0,key,sign against key,false,"(2175, 1647)"
sun5,23,sun-07,C5,1,0,key,sign against key,false,"(2725, 1621)"
sun5,23,sun-07,A4,1,0,key,sign against key,false,"(3103, 1625)"
sun5,23,sun-07,F4,1,0,key,sign against key,false,"(3273, 1666)"
sun5,24,sun-07,B4,-1,0,key,sign against key,false,"(1176, 2758)"
sun5,24,sun-07,C5,1,0,key,sign against key,false,"(1548, 2750)"
sun5,26,sun-08,F4,1,0,key,sign against key,false,"(1027, 486)"
sun5,28,sun-08,B4,-1,0,key,sign against key,false,"(455, 1929)"
sun5,28,sun-08,C4,1,0,key,sign against key,false,"(1464, 1975)"
sun5,28,sun-08,C5,1,0,key,sign against key,false,"(1725, 1886)"
sun5,30,sun-08,F4,1,0,key,sign against key,false,"(715, 3439)"
sun5,30,sun-08,G4,1,0,key,sign against key,false,"(979, 3420)"
sun5,30,sun-08,F4,0,1,carried in bar,natural against key (against earlier note in bar),false,"(1137, 3485)"
sun5,31,sun-08,C5,1,0,key,sign against key,right,"(2468, 3414)"
sun5,31,sun-08,B4,-1,0,key,sign against key,false,"(2617, 3437)"
sun5,35,sun-09,F4,1,0,key,sign against key,false,"(2474, 484)"
sun5,35,sun-09,E4,1,0,key,sign against key,false,"(2673, 475)"
sun5,35,sun-09,D4,1,0,key,sign against key,false,"(3099, 501)"
sun5,35,sun-09,G4,1,0,key,sign against key,false,"(3234, 404)"
sun5,36,sun-09,G4,1,0,key,sign against key,false,"(461, 1966)"
sun5,36,sun-09,D4,1,0,key,sign against key,false,"(731, 2000)"
sun5,36,sun-09,C4,1,0,key,sign against key,false,"(851, 2015)"
sun5,36,sun-09,F4,1,0,key,sign against key,false,"(1001, 1972)"
sun5,37,sun-09,G4,1,0,key,sign against key,false,"(1790, 1948)"
sun5,37,sun-09,C5,1,0,key,sign against key,false,"(2304, 1918)"
sun5,38,sun-09,C5,1,0,key,sign against key,false,"(2716, 1935)"
sun5,38,sun-09,B4,1,0,key,sign against key,false,"(2833, 1948)"
sun5,38,sun-09,A4,1,0,key,sign against key,false,"(3102, 1933)"
sun5,38,sun-09,F4,1,0,key,sign against key,false,"(3290, 1927)"
sun5,39,sun-09,F4,1,0,key,sign against key,false,"(631, 3383)"
sun5,39,sun-09,E4,1,0,key,sign against key,false,"(831, 3390)"
sun5,39,sun-09,C5,1,0,key,sign against key,false,"(1749, 3352)"
sun5,40,sun-09,C4,1,0,key,sign against key,false,"(2183, 3453)"
sun5,40,sun-09,F4,1,0,key,sign against key,false,"(3123, 3385)"
sun5,41,sun-10,F4,1,0,key,sign against key,false,"(533, 407)"
sun5,41,sun-10,E4,1,0,key,sign against key,false,"(633, 414)"
sun5,41,sun-10,C5,1,0,key,sign against key,false,"(1234, 383)"
sun5,42,sun-10,G4,1,0,key,sign against key,false,"(1531, 409)"
sun5,42,sun-10,C5,1,0,key,sign against key,false,"(1939, 365)"
sun5,43,sun-10,B4,-1,0,key,sign against key,false,"(2998, 393)"
sun5,45,sun-10,F4,1,0,key,sign against key,false,"(3305, 1548)"
sun5,48,sun-10,D4,1,0,key,sign against key,false,"(2634, 2679)"
sun5,48,sun-10,F4,1,0,key,sign against key,false,"(2883, 2638)"
sun5,48,sun-10,A4,1,0,key,sign against key,false,"(3003, 2602)"
sun5,51,sun-10,A4,1,0,key,sign against key,false,"(2696, 3761)"
sun5,52,sun-11,A4,1,0,key,sign against key,false,"(477, 387)"
sun5,52,sun-11,A4,0,1,carried in bar,natural against key (against earlier note in bar),false,"(912, 382)"
sun5,53,sun-11,F4,1,0,key,sign against key,false,"(1416, 407)"
sun5,54,sun-11,F4,1,0,key,sign against key,false,"(1999, 396)"
sun5,56,sun-11,F4,1,0,key,sign against key,false,"(3345, 406)"
sun5,57,sun-11,F4,1,0,key,sign against key,false,"(449, 1464)"
sun5,57,sun-11,G4,1,0,key,sign against key,false,"(681, 1423)"
sun5,58,sun-11,A4,1,0,key,sign against key,false,"(975, 1403)"
sun5,59,sun-11,F4,1,0,key,sign against key,false,"(1707, 1476)"
sun5,60,sun-11,F4,1,0,key,sign against key,false,"(2241, 1466)"
sun5,60,sun-11,E4,1,0,key,sign against key,right,"(2489, 1468)"
sun5,60,sun-11,D4,1,0,key,sign against key,false,"(2606, 1507)"
sun5,61,sun-11,G4,1,0,key,sign against key,false,"(3032, 1454)"
sun5,62,sun-11,F4,1,0,key,sign against key,false,"(777, 2431)"
sun5,63,sun-11,F4,1,0,key,sign against key,false,"(1261, 2429)"
sun5,63,sun-11,A4,1,0,key,sign against key,false,"(1599, 2409)"
sun5,63,sun-11,C5,1,0,key,sign against key,false,"(1760, 2386)"
sun5,65,sun-11,F4,1,0,key,sign against key,false,"(2823, 2449)"
sun5,66,sun-11,F4,1,0,key,sign against key,false,"(466, 3482)"
sun5,67,sun-11,F4,1,0,key,sign against key,false,"(1187, 3485)"
sun6,4,sun-12,A4,0,1,key,natural against key,false,"(1122, 2215)"
sun6,6,sun-12,A4,0,1,key,natural against key,false,"(2597, 2201)"
sun6,6,sun-12,E4,0,1,key,natural against key,false,"(3035, 2244)"
sun6,7,sun-12,A4,0,1,key,natural against key,false,"(666, 3526)"
sun6,7,sun-12,E4,0,1,key,natural against key,false,"(1112, 3539)"
sun6,10,sun-13,A4,0,1,key,natural against key,false,"(765, 452)"
sun6,10,sun-13,E4,0,1,key,natural against key,false,"(1385, 495)"
sun6,12,sun-13,A4,0,1,key,natural against key,false,"(775, 1589)"
sun6,12,sun-13,E4,0,1,key,natural against key,false,"(1390, 1630)"
sun6,14,sun-13,E4,0,1,key,natural against key,false,"(1127, 2710)"
sun6,14,sun-13,D4,0,1,key,natural against key,false,"(1335, 2736)"
sun6,15,sun-13,E4,0,1,key,natural against key,false,"(2071, 2685)"
sun6,15,sun-13,D4,0,1,key,natural against key,false,"(2275, 2731)"
sun6,16,sun-13,A4,0,1,key,natural against key,false,"(3046, 2659)"
sun6,21,sun-14,F4,0,1,key,natural against key,right,"(1929, 434)"
sun6,24,sun-14,B4,0,1,key,natural against key,false,"(1612, 1412)"
sun6,24,sun-14,A4,0,1,key,natural against key,false,"(2031, 1407)"
sun6,26,sun-14,B4,0,1,key,natural against key,false,"(703, 2548)"
sun6,26,sun-14,A4,0,1,key,natural against key,false,"(1383, 2559)"
sun6,27,sun-14,A4,0,1,key,natural against key,false,"(2151, 2554)"
sun6,28,sun-14,D5,0,1,key,natural against key,false,"(707, 3516)"
sun6,28,sun-14,A4,0,1,key,natural against key,false,"(1685, 3553)"
sun6,29,sun-14,A4,0,1,key,natural against key,false,"(2649, 3530)"
sun6,30,sun-15,A4,0,1,key,natural against key,false,"(1296, 436)"
sun6,31,sun-15,B4,0,1,key,natural against key,false,"(2086, 411)"
sun6,32,sun-15,A4,0,1,key,natural against key,false,"(1311, 1464)"
sun6,35,sun-15,A4,0,1,key,natural against key,false,"(2160, 2606)"
sun6,36,sun-15,B4,0,1,key,natural against key,false,"(751, 3718)"
sun6,36,sun-15,B4,1,0,carried in bar,sign against key (against earlier note in bar),right,"(1702, 3708)"
sun6,38,sun-16,A4,0,1,key,natural against key,false,"(1362, 407)"
sun6,39,sun-16,B4,0,1,key,natural against key,false,"(2093, 389)"
sun6,40,sun-16,A4,0,1,key,natural against key,false,"(1359, 1471)"
sun6,42,sun-16,A4,0,1,key,natural against key,false,"(1363, 2555)"
sun6,43,sun-16,B4,0,1,key,natural against key,false,"(2100, 2536)"
sun6,43,sun-16,B4,1,0,carried in bar,sign against key (against earlier note in bar),false,"(2770, 2553)"
sun6,46,sun-17,A4,0,1,key,natural against key,false,"(1113, 552)"
sun6,47,sun-17,B4,0,1,key,natural against key,false,"(1695, 534)"
sun6,47,sun-17,B4,1,0,carried in bar,sign against key (against earlier note in bar),false,"(2103, 497)"
sun6,48,sun-17,A4,0,1,key,natural against key,false,"(2625, 547)"
sun6,48,sun-17,D4,0,1,key,natural against key,false,"(3270, 620)"
