song,truthBar,readerBar,page,read,readMidi,truthMidiShifted,keyInForce,keyGivesStep,truthOnReadStepNeedsAlter,accidentalOnly,semitonesOff,imgpos,flaggedByRule
tch,35,36,tch-2,D4 alter 1,63,62,2,0,0,True,1,"(3250, 642)",True
tch,67,68,tch-3,G4 alter 1,68,67,3,1,0,True,1,"(2267, 506)",False
sun5,1,2,sun-05,C4 alter 0,60,62,0,0,,False,-2,"(2116, 838)",False
sun5,1,2,sun-05,C4 alter 0,60,62,0,0,,False,-2,"(2485, 839)",False
sun5,14,23,sun-07,G4 alter 1,68,67,0,0,0,True,1,"(2368, 1650)",False
sun5,22,31,sun-08,C5 alter 1,73,72,0,0,0,True,1,"(2468, 3414)",True
sun5,26,35,sun-09,C4 alter 0,60,62,0,0,,False,-2,"(2948, 531)",False
sun5,29,38,sun-09,G4 alter 0,67,69,0,0,,False,-2,"(2968, 1948)",False
sun5,33,42,sun-10,G4 alter 1,68,67,0,0,0,True,1,"(1675, 410)",False
sun5,51,60,sun-11,E4 alter 1,65,64,0,0,0,True,1,"(2489, 1468)",True
sun6,20,21,sun-14,F4 alter 0,65,67,7,1,,False,-2,"(1929, 434)",True
sun6,21,22,sun-14,G4 alter 1,68,69,7,1,,False,-1,"(2955, 432)",False
sun6,22,23,sun-14,G4 alter 1,68,69,7,1,,False,-1,"(1042, 1454)",False
sun6,35,36,sun-15,B4 alter 1,72,71,7,1,0,True,1,"(1702, 3708)",True
sun6,43,44,sun-16,G4 alter 1,68,69,7,1,,False,-1,"(1329, 3649)",False
