version,song,notesSearched,doubleSharpsFound,flags,right,false,onExtraNotes,onChordNotes,pitchDifferences
v1 Ilya bounds,tch,174,1,1,0,1,0,0,2
v1 Ilya bounds,sun1,96,3,3,0,3,0,0,0
v1 Ilya bounds,sun4,116,3,3,0,3,0,0,0
v1 Ilya bounds,sun5,287,15,23,0,18,5,0,8
v1 Ilya bounds,sun6,161,10,10,0,10,0,0,5
v2 four-lobe shape,tch,174,0,0,0,0,0,0,2
v2 four-lobe shape,sun1,96,0,0,0,0,0,0,0
v2 four-lobe shape,sun4,116,1,1,0,1,0,0,0
v2 four-lobe shape,sun5,287,3,4,4,0,0,0,8
v2 four-lobe shape,sun6,161,0,0,0,0,0,0,5
"v3 four-lobe shape, wider, aspect",tch,174,0,0,0,0,0,0,2
"v3 four-lobe shape, wider, aspect",sun1,96,0,0,0,0,0,0,0
"v3 four-lobe shape, wider, aspect",sun4,116,0,0,0,0,0,0,0
"v3 four-lobe shape, wider, aspect",sun5,287,4,6,4,2,0,0,8
"v3 four-lobe shape, wider, aspect",sun6,161,0,0,0,0,0,0,5
