song,page,measuresPerPart,flagged,differencesOnPage,extraOrMissingOnPage,status
tch,tch-1,27 27,False,0,0,pass
tch,tch-2,35 35,False,1,0,pass
tch,tch-3,37 37,False,1,0,pass
sun1,sun-01,9 9,False,0,0,pass
sun1,sun-02,9 9,False,2,0,pass
sun4,sun-03,12 12,False,0,0,pass
sun4,sun-04,17 17,False,0,0,pass
sun5,sun-05,12 11,True,38,34,right
sun5,sun-06,7 7,False,0,0,pass
sun5,sun-07,6 6,False,1,0,pass
sun5,sun-08,7 7,False,1,0,pass
sun5,sun-09,8 8,False,2,0,pass
sun5,sun-10,11 11,False,3,1,missed
sun5,sun-11,18 18,False,2,1,missed
sun6,sun-12,9 9,False,0,0,pass
sun6,sun-13,10 10,False,0,0,pass
sun6,sun-14,10 10,False,3,0,pass
sun6,sun-15,8 8,False,1,0,pass
sun6,sun-16,8 8,False,1,0,pass
sun6,sun-17,10 10,False,0,0,pass
